onset	duration	trial_type	value	sample
147.0	0.0	SequenceID_5/RunNumber_4/StimPosition_1/StimID_0/ViolationOrNot_0/Complexity_12/ViolationInSequence_0	54101200	36750
147.064	0.0	SequenceID_5/RunNumber_4/StimPosition_2/StimID_0/ViolationOrNot_0/Complexity_12/ViolationInSequence_0	54201200	36766
147.128	0.0	SequenceID_5/RunNumber_4/StimPosition_3/StimID_1/ViolationOrNot_0/Complexity_12/ViolationInSequence_0	54311200	36782
147.192	0.0	SequenceID_5/RunNumber_4/StimPosition_4/StimID_1/ViolationOrNot_0/Complexity_12/ViolationInSequence_0	54411200	36798
147.252	0.0	SequenceID_5/RunNumber_4/StimPosition_5/StimID_0/ViolationOrNot_0/Complexity_12/ViolationInSequence_0	54501200	36813
147.316	0.0	SequenceID_5/RunNumber_4/StimPosition_6/StimID_1/ViolationOrNot_0/Complexity_12/ViolationInSequence_0	54611200	36829
147.376	0.0	SequenceID_5/RunNumber_4/StimPosition_7/StimID_0/ViolationOrNot_0/Complexity_12/ViolationInSequence_0	54701200	36844
147.44	0.0	SequenceID_5/RunNumber_4/StimPosition_8/StimID_1/ViolationOrNot_0/Complexity_12/ViolationInSequence_0	54811200	36860
147.504	0.0	SequenceID_5/RunNumber_4/StimPosition_9/StimID_0/ViolationOrNot_0/Complexity_12/ViolationInSequence_0	54901200	36876
147.564	0.0	SequenceID_5/RunNumber_4/StimPosition_10/StimID_0/ViolationOrNot_0/Complexity_12/ViolationInSequence_0	55001200	36891
147.628	0.0	SequenceID_5/RunNumber_4/StimPosition_11/StimID_1/ViolationOrNot_0/Complexity_12/ViolationInSequence_0	55111200	36907
147.688	0.0	SequenceID_5/RunNumber_4/StimPosition_12/StimID_1/ViolationOrNot_0/Complexity_12/ViolationInSequence_0	55211200	36922
147.752	0.0	SequenceID_5/RunNumber_4/StimPosition_13/StimID_0/ViolationOrNot_0/Complexity_12/ViolationInSequence_0	55301200	36938
147.816	0.0	SequenceID_5/RunNumber_4/StimPosition_14/StimID_1/ViolationOrNot_0/Complexity_12/ViolationInSequence_0	55411200	36954
147.88	0.0	SequenceID_5/RunNumber_4/StimPosition_15/StimID_0/ViolationOrNot_0/Complexity_12/ViolationInSequence_0	55501200	36970
147.94	0.0	SequenceID_5/RunNumber_4/StimPosition_16/StimID_1/ViolationOrNot_0/Complexity_12/ViolationInSequence_0	55611200	36985
148.128	0.0	SequenceID_5/RunNumber_4/StimPosition_1/StimID_0/ViolationOrNot_0/Complexity_12/ViolationInSequence_0	54101200	37032
148.192	0.0	SequenceID_5/RunNumber_4/StimPosition_2/StimID_0/ViolationOrNot_0/Complexity_12/ViolationInSequence_0	54201200	37048
148.252	0.0	SequenceID_5/RunNumber_4/StimPosition_3/StimID_1/ViolationOrNot_0/Complexity_12/ViolationInSequence_0	54311200	37063
148.316	0.0	SequenceID_5/RunNumber_4/StimPosition_4/StimID_1/ViolationOrNot_0/Complexity_12/ViolationInSequence_0	54411200	37079
148.376	0.0	SequenceID_5/RunNumber_4/StimPosition_5/StimID_0/ViolationOrNot_0/Complexity_12/ViolationInSequence_0	54501200	37094
148.44	0.0	SequenceID_5/RunNumber_4/StimPosition_6/StimID_1/ViolationOrNot_0/Complexity_12/ViolationInSequence_0	54611200	37110
148.504	0.0	SequenceID_5/RunNumber_4/StimPosition_7/StimID_0/ViolationOrNot_0/Complexity_12/ViolationInSequence_0	54701200	37126
148.568	0.0	SequenceID_5/RunNumber_4/StimPosition_8/StimID_1/ViolationOrNot_0/Complexity_12/ViolationInSequence_0	54811200	37142
148.628	0.0	SequenceID_5/RunNumber_4/StimPosition_9/StimID_0/ViolationOrNot_0/Complexity_12/ViolationInSequence_0	54901200	37157
148.692	0.0	SequenceID_5/RunNumber_4/StimPosition_10/StimID_0/ViolationOrNot_0/Complexity_12/ViolationInSequence_0	55001200	37173
148.752	0.0	SequenceID_5/RunNumber_4/StimPosition_11/StimID_1/ViolationOrNot_0/Complexity_12/ViolationInSequence_0	55111200	37188
148.816	0.0	SequenceID_5/RunNumber_4/StimPosition_12/StimID_1/ViolationOrNot_0/Complexity_12/ViolationInSequence_0	55211200	37204
148.88	0.0	SequenceID_5/RunNumber_4/StimPosition_13/StimID_0/ViolationOrNot_0/Complexity_12/ViolationInSequence_0	55301200	37220
148.94	0.0	SequenceID_5/RunNumber_4/StimPosition_14/StimID_1/ViolationOrNot_0/Complexity_12/ViolationInSequence_0	55411200	37235
149.004	0.0	SequenceID_5/RunNumber_4/StimPosition_15/StimID_0/ViolationOrNot_0/Complexity_12/ViolationInSequence_0	55501200	37251
149.064	0.0	SequenceID_5/RunNumber_4/StimPosition_16/StimID_1/ViolationOrNot_0/Complexity_12/ViolationInSequence_0	55611200	37266
149.256	0.0	SequenceID_5/RunNumber_4/StimPosition_1/StimID_0/ViolationOrNot_0/Complexity_12/ViolationInSequence_0	54101200	37314
149.316	0.0	SequenceID_5/RunNumber_4/StimPosition_2/StimID_0/ViolationOrNot_0/Complexity_12/ViolationInSequence_0	54201200	37329
149.38	0.0	SequenceID_5/RunNumber_4/StimPosition_3/StimID_1/ViolationOrNot_0/Complexity_12/ViolationInSequence_0	54311200	37345
149.44	0.0	SequenceID_5/RunNumber_4/StimPosition_4/StimID_1/ViolationOrNot_0/Complexity_12/ViolationInSequence_0	54411200	37360
149.504	0.0	SequenceID_5/RunNumber_4/StimPosition_5/StimID_0/ViolationOrNot_0/Complexity_12/ViolationInSequence_0	54501200	37376
149.568	0.0	SequenceID_5/RunNumber_4/StimPosition_6/StimID_1/ViolationOrNot_0/Complexity_12/ViolationInSequence_0	54611200	37392
149.628	0.0	SequenceID_5/RunNumber_4/StimPosition_7/StimID_0/ViolationOrNot_0/Complexity_12/ViolationInSequence_0	54701200	37407
149.692	0.0	SequenceID_5/RunNumber_4/StimPosition_8/StimID_1/ViolationOrNot_0/Complexity_12/ViolationInSequence_0	54811200	37423
149.752	0.0	SequenceID_5/RunNumber_4/StimPosition_9/StimID_0/ViolationOrNot_0/Complexity_12/ViolationInSequence_0	54901200	37438
149.816	0.0	SequenceID_5/RunNumber_4/StimPosition_10/StimID_0/ViolationOrNot_0/Complexity_12/ViolationInSequence_0	55001200	37454
149.88	0.0	SequenceID_5/RunNumber_4/StimPosition_11/StimID_1/ViolationOrNot_0/Complexity_12/ViolationInSequence_0	55111200	37470
149.94	0.0	SequenceID_5/RunNumber_4/StimPosition_12/StimID_1/ViolationOrNot_0/Complexity_12/ViolationInSequence_0	55211200	37485
150.004	0.0	SequenceID_5/RunNumber_4/StimPosition_13/StimID_0/ViolationOrNot_0/Complexity_12/ViolationInSequence_0	55301200	37501
150.064	0.0	SequenceID_5/RunNumber_4/StimPosition_14/StimID_1/ViolationOrNot_0/Complexity_12/ViolationInSequence_0	55411200	37516
150.128	0.0	SequenceID_5/RunNumber_4/StimPosition_15/StimID_0/ViolationOrNot_0/Complexity_12/ViolationInSequence_0	55501200	37532
150.192	0.0	SequenceID_5/RunNumber_4/StimPosition_16/StimID_1/ViolationOrNot_0/Complexity_12/ViolationInSequence_0	55611200	37548
150.38	0.0	SequenceID_5/RunNumber_4/StimPosition_1/StimID_0/ViolationOrNot_0/Complexity_12/ViolationInSequence_0	54101200	37595
150.44	0.0	SequenceID_5/RunNumber_4/StimPosition_2/StimID_0/ViolationOrNot_0/Complexity_12/ViolationInSequence_0	54201200	37610
150.504	0.0	SequenceID_5/RunNumber_4/StimPosition_3/StimID_1/ViolationOrNot_0/Complexity_12/ViolationInSequence_0	54311200	37626
150.568	0.0	SequenceID_5/RunNumber_4/StimPosition_4/StimID_1/ViolationOrNot_0/Complexity_12/ViolationInSequence_0	54411200	37642
150.628	0.0	SequenceID_5/RunNumber_4/StimPosition_5/StimID_0/ViolationOrNot_0/Complexity_12/ViolationInSequence_0	54501200	37657
150.692	0.0	SequenceID_5/RunNumber_4/StimPosition_6/StimID_1/ViolationOrNot_0/Complexity_12/ViolationInSequence_0	54611200	37673
150.752	0.0	SequenceID_5/RunNumber_4/StimPosition_7/StimID_0/ViolationOrNot_0/Complexity_12/ViolationInSequence_0	54701200	37688
150.816	0.0	SequenceID_5/RunNumber_4/StimPosition_8/StimID_1/ViolationOrNot_0/Complexity_12/ViolationInSequence_0	54811200	37704
150.88	0.0	SequenceID_5/RunNumber_4/StimPosition_9/StimID_0/ViolationOrNot_0/Complexity_12/ViolationInSequence_0	54901200	37720
150.94	0.0	SequenceID_5/RunNumber_4/StimPosition_10/StimID_0/ViolationOrNot_0/Complexity_12/ViolationInSequence_0	55001200	37735
151.004	0.0	SequenceID_5/RunNumber_4/StimPosition_11/StimID_1/ViolationOrNot_0/Complexity_12/ViolationInSequence_0	55111200	37751
151.064	0.0	SequenceID_5/RunNumber_4/StimPosition_12/StimID_1/ViolationOrNot_0/Complexity_12/ViolationInSequence_0	55211200	37766
151.128	0.0	SequenceID_5/RunNumber_4/StimPosition_13/StimID_0/ViolationOrNot_0/Complexity_12/ViolationInSequence_0	55301200	37782
151.192	0.0	SequenceID_5/RunNumber_4/StimPosition_14/StimID_1/ViolationOrNot_0/Complexity_12/ViolationInSequence_0	55411200	37798
151.256	0.0	SequenceID_5/RunNumber_4/StimPosition_15/StimID_0/ViolationOrNot_0/Complexity_12/ViolationInSequence_0	55501200	37814
151.316	0.0	SequenceID_5/RunNumber_4/StimPosition_16/StimID_1/ViolationOrNot_0/Complexity_12/ViolationInSequence_0	55611200	37829
151.504	0.0	SequenceID_5/RunNumber_4/StimPosition_1/StimID_0/ViolationOrNot_0/Complexity_12/ViolationInSequence_0	54101200	37876
151.568	0.0	SequenceID_5/RunNumber_4/StimPosition_2/StimID_0/ViolationOrNot_0/Complexity_12/ViolationInSequence_0	54201200	37892
151.628	0.0	SequenceID_5/RunNumber_4/StimPosition_3/StimID_1/ViolationOrNot_0/Complexity_12/ViolationInSequence_0	54311200	37907
151.692	0.0	SequenceID_5/RunNumber_4/StimPosition_4/StimID_1/ViolationOrNot_0/Complexity_12/ViolationInSequence_0	54411200	37923
151.752	0.0	SequenceID_5/RunNumber_4/StimPosition_5/StimID_0/ViolationOrNot_0/Complexity_12/ViolationInSequence_0	54501200	37938
151.816	0.0	SequenceID_5/RunNumber_4/StimPosition_6/StimID_1/ViolationOrNot_0/Complexity_12/ViolationInSequence_0	54611200	37954
151.88	0.0	SequenceID_5/RunNumber_4/StimPosition_7/StimID_0/ViolationOrNot_0/Complexity_12/ViolationInSequence_0	54701200	37970
151.944	0.0	SequenceID_5/RunNumber_4/StimPosition_8/StimID_1/ViolationOrNot_0/Complexity_12/ViolationInSequence_0	54811200	37986
152.004	0.0	SequenceID_5/RunNumber_4/StimPosition_9/StimID_0/ViolationOrNot_0/Complexity_12/ViolationInSequence_0	54901200	38001
152.068	0.0	SequenceID_5/RunNumber_4/StimPosition_10/StimID_0/ViolationOrNot_0/Complexity_12/ViolationInSequence_0	55001200	38017
152.128	0.0	SequenceID_5/RunNumber_4/StimPosition_11/StimID_1/ViolationOrNot_0/Complexity_12/ViolationInSequence_0	55111200	38032
152.192	0.0	SequenceID_5/RunNumber_4/StimPosition_12/StimID_1/ViolationOrNot_0/Complexity_12/ViolationInSequence_0	55211200	38048
152.256	0.0	SequenceID_5/RunNumber_4/StimPosition_13/StimID_0/ViolationOrNot_0/Complexity_12/ViolationInSequence_0	55301200	38064
152.316	0.0	SequenceID_5/RunNumber_4/StimPosition_14/StimID_1/ViolationOrNot_0/Complexity_12/ViolationInSequence_0	55411200	38079
152.38	0.0	SequenceID_5/RunNumber_4/StimPosition_15/StimID_0/ViolationOrNot_0/Complexity_12/ViolationInSequence_0	55501200	38095
152.44	0.0	SequenceID_5/RunNumber_4/StimPosition_16/StimID_1/ViolationOrNot_0/Complexity_12/ViolationInSequence_0	55611200	38110
152.632	0.0	SequenceID_5/RunNumber_4/StimPosition_1/StimID_0/ViolationOrNot_0/Complexity_12/ViolationInSequence_0	54101200	38158
152.692	0.0	SequenceID_5/RunNumber_4/StimPosition_2/StimID_0/ViolationOrNot_0/Complexity_12/ViolationInSequence_0	54201200	38173
152.756	0.0	SequenceID_5/RunNumber_4/StimPosition_3/StimID_1/ViolationOrNot_0/Complexity_12/ViolationInSequence_0	54311200	38189
152.816	0.0	SequenceID_5/RunNumber_4/StimPosition_4/StimID_1/ViolationOrNot_0/Complexity_12/ViolationInSequence_0	54411200	38204
152.88	0.0	SequenceID_5/RunNumber_4/StimPosition_5/StimID_0/ViolationOrNot_0/Complexity_12/ViolationInSequence_0	54501200	38220
152.944	0.0	SequenceID_5/RunNumber_4/StimPosition_6/StimID_1/ViolationOrNot_0/Complexity_12/ViolationInSequence_0	54611200	38236
153.004	0.0	SequenceID_5/RunNumber_4/StimPosition_7/StimID_0/ViolationOrNot_0/Complexity_12/ViolationInSequence_0	54701200	38251
153.068	0.0	SequenceID_5/RunNumber_4/StimPosition_8/StimID_1/ViolationOrNot_0/Complexity_12/ViolationInSequence_0	54811200	38267
153.128	0.0	SequenceID_5/RunNumber_4/StimPosition_9/StimID_0/ViolationOrNot_0/Complexity_12/ViolationInSequence_0	54901200	38282
153.192	0.0	SequenceID_5/RunNumber_4/StimPosition_10/StimID_0/ViolationOrNot_0/Complexity_12/ViolationInSequence_0	55001200	38298
153.256	0.0	SequenceID_5/RunNumber_4/StimPosition_11/StimID_1/ViolationOrNot_0/Complexity_12/ViolationInSequence_0	55111200	38314
153.316	0.0	SequenceID_5/RunNumber_4/StimPosition_12/StimID_1/ViolationOrNot_0/Complexity_12/ViolationInSequence_0	55211200	38329
153.38	0.0	SequenceID_5/RunNumber_4/StimPosition_13/StimID_0/ViolationOrNot_0/Complexity_12/ViolationInSequence_0	55301200	38345
153.44	0.0	SequenceID_5/RunNumber_4/StimPosition_14/StimID_1/ViolationOrNot_0/Complexity_12/ViolationInSequence_0	55411200	38360
153.504	0.0	SequenceID_5/RunNumber_4/StimPosition_15/StimID_0/ViolationOrNot_0/Complexity_12/ViolationInSequence_0	55501200	38376
153.568	0.0	SequenceID_5/RunNumber_4/StimPosition_16/StimID_1/ViolationOrNot_0/Complexity_12/ViolationInSequence_0	55611200	38392
153.756	0.0	SequenceID_5/RunNumber_4/StimPosition_1/StimID_0/ViolationOrNot_0/Complexity_12/ViolationInSequence_0	54101200	38439
153.816	0.0	SequenceID_5/RunNumber_4/StimPosition_2/StimID_0/ViolationOrNot_0/Complexity_12/ViolationInSequence_0	54201200	38454
153.88	0.0	SequenceID_5/RunNumber_4/StimPosition_3/StimID_1/ViolationOrNot_0/Complexity_12/ViolationInSequence_0	54311200	38470
153.944	0.0	SequenceID_5/RunNumber_4/StimPosition_4/StimID_1/ViolationOrNot_0/Complexity_12/ViolationInSequence_0	54411200	38486
154.004	0.0	SequenceID_5/RunNumber_4/StimPosition_5/StimID_0/ViolationOrNot_0/Complexity_12/ViolationInSequence_0	54501200	38501
154.068	0.0	SequenceID_5/RunNumber_4/StimPosition_6/StimID_1/ViolationOrNot_0/Complexity_12/ViolationInSequence_0	54611200	38517
154.128	0.0	SequenceID_5/RunNumber_4/StimPosition_7/StimID_0/ViolationOrNot_0/Complexity_12/ViolationInSequence_0	54701200	38532
154.192	0.0	SequenceID_5/RunNumber_4/StimPosition_8/StimID_1/ViolationOrNot_0/Complexity_12/ViolationInSequence_0	54811200	38548
154.256	0.0	SequenceID_5/RunNumber_4/StimPosition_9/StimID_0/ViolationOrNot_0/Complexity_12/ViolationInSequence_0	54901200	38564
154.32	0.0	SequenceID_5/RunNumber_4/StimPosition_10/StimID_0/ViolationOrNot_0/Complexity_12/ViolationInSequence_0	55001200	38580
154.38	0.0	SequenceID_5/RunNumber_4/StimPosition_11/StimID_1/ViolationOrNot_0/Complexity_12/ViolationInSequence_0	55111200	38595
154.444	0.0	SequenceID_5/RunNumber_4/StimPosition_12/StimID_1/ViolationOrNot_0/Complexity_12/ViolationInSequence_0	55211200	38611
154.504	0.0	SequenceID_5/RunNumber_4/StimPosition_13/StimID_0/ViolationOrNot_0/Complexity_12/ViolationInSequence_0	55301200	38626
154.568	0.0	SequenceID_5/RunNumber_4/StimPosition_14/StimID_1/ViolationOrNot_0/Complexity_12/ViolationInSequence_0	55411200	38642
154.632	0.0	SequenceID_5/RunNumber_4/StimPosition_15/StimID_0/ViolationOrNot_0/Complexity_12/ViolationInSequence_0	55501200	38658
154.692	0.0	SequenceID_5/RunNumber_4/StimPosition_16/StimID_1/ViolationOrNot_0/Complexity_12/ViolationInSequence_0	55611200	38673
154.88	0.0	SequenceID_5/RunNumber_4/StimPosition_1/StimID_0/ViolationOrNot_0/Complexity_12/ViolationInSequence_0	54101200	38720
154.944	0.0	SequenceID_5/RunNumber_4/StimPosition_2/StimID_0/ViolationOrNot_0/Complexity_12/ViolationInSequence_0	54201200	38736
155.008	0.0	SequenceID_5/RunNumber_4/StimPosition_3/StimID_1/ViolationOrNot_0/Complexity_12/ViolationInSequence_0	54311200	38752
155.068	0.0	SequenceID_5/RunNumber_4/StimPosition_4/StimID_1/ViolationOrNot_0/Complexity_12/ViolationInSequence_0	54411200	38767
155.132	0.0	SequenceID_5/RunNumber_4/StimPosition_5/StimID_0/ViolationOrNot_0/Complexity_12/ViolationInSequence_0	54501200	38783
155.192	0.0	SequenceID_5/RunNumber_4/StimPosition_6/StimID_1/ViolationOrNot_0/Complexity_12/ViolationInSequence_0	54611200	38798
155.256	0.0	SequenceID_5/RunNumber_4/StimPosition_7/StimID_0/ViolationOrNot_0/Complexity_12/ViolationInSequence_0	54701200	38814
155.32	0.0	SequenceID_5/RunNumber_4/StimPosition_8/StimID_1/ViolationOrNot_0/Complexity_12/ViolationInSequence_0	54811200	38830
155.38	0.0	SequenceID_5/RunNumber_4/StimPosition_9/StimID_0/ViolationOrNot_0/Complexity_12/ViolationInSequence_0	54901200	38845
155.444	0.0	SequenceID_5/RunNumber_4/StimPosition_10/StimID_0/ViolationOrNot_0/Complexity_12/ViolationInSequence_0	55001200	38861
155.504	0.0	SequenceID_5/RunNumber_4/StimPosition_11/StimID_1/ViolationOrNot_0/Complexity_12/ViolationInSequence_0	55111200	38876
155.568	0.0	SequenceID_5/RunNumber_4/StimPosition_12/StimID_1/ViolationOrNot_0/Complexity_12/ViolationInSequence_0	55211200	38892
155.632	0.0	SequenceID_5/RunNumber_4/StimPosition_13/StimID_0/ViolationOrNot_0/Complexity_12/ViolationInSequence_0	55301200	38908
155.696	0.0	SequenceID_5/RunNumber_4/StimPosition_14/StimID_1/ViolationOrNot_0/Complexity_12/ViolationInSequence_0	55411200	38924
155.756	0.0	SequenceID_5/RunNumber_4/StimPosition_15/StimID_0/ViolationOrNot_0/Complexity_12/ViolationInSequence_0	55501200	38939
155.82	0.0	SequenceID_5/RunNumber_4/StimPosition_16/StimID_1/ViolationOrNot_0/Complexity_12/ViolationInSequence_0	55611200	38955
156.008	0.0	SequenceID_5/RunNumber_4/StimPosition_1/StimID_0/ViolationOrNot_0/Complexity_12/ViolationInSequence_0	54101200	39002
156.072	0.0	SequenceID_5/RunNumber_4/StimPosition_2/StimID_0/ViolationOrNot_0/Complexity_12/ViolationInSequence_0	54201200	39018
156.132	0.0	SequenceID_5/RunNumber_4/StimPosition_3/StimID_1/ViolationOrNot_0/Complexity_12/ViolationInSequence_0	54311200	39033
156.196	0.0	SequenceID_5/RunNumber_4/StimPosition_4/StimID_1/ViolationOrNot_0/Complexity_12/ViolationInSequence_0	54411200	39049
156.256	0.0	SequenceID_5/RunNumber_4/StimPosition_5/StimID_0/ViolationOrNot_0/Complexity_12/ViolationInSequence_0	54501200	39064
156.32	0.0	SequenceID_5/RunNumber_4/StimPosition_6/StimID_1/ViolationOrNot_0/Complexity_12/ViolationInSequence_0	54611200	39080
156.384	0.0	SequenceID_5/RunNumber_4/StimPosition_7/StimID_0/ViolationOrNot_0/Complexity_12/ViolationInSequence_0	54701200	39096
156.444	0.0	SequenceID_5/RunNumber_4/StimPosition_8/StimID_1/ViolationOrNot_0/Complexity_12/ViolationInSequence_0	54811200	39111
156.508	0.0	SequenceID_5/RunNumber_4/StimPosition_9/StimID_0/ViolationOrNot_0/Complexity_12/ViolationInSequence_0	54901200	39127
156.568	0.0	SequenceID_5/RunNumber_4/StimPosition_10/StimID_0/ViolationOrNot_0/Complexity_12/ViolationInSequence_0	55001200	39142
156.632	0.0	SequenceID_5/RunNumber_4/StimPosition_11/StimID_1/ViolationOrNot_0/Complexity_12/ViolationInSequence_0	55111200	39158
156.696	0.0	SequenceID_5/RunNumber_4/StimPosition_12/StimID_1/ViolationOrNot_0/Complexity_12/ViolationInSequence_0	55211200	39174
156.76	0.0	SequenceID_5/RunNumber_4/StimPosition_13/StimID_0/ViolationOrNot_0/Complexity_12/ViolationInSequence_0	55301200	39190
156.82	0.0	SequenceID_5/RunNumber_4/StimPosition_14/StimID_1/ViolationOrNot_0/Complexity_12/ViolationInSequence_0	55411200	39205
156.884	0.0	SequenceID_5/RunNumber_4/StimPosition_15/StimID_0/ViolationOrNot_0/Complexity_12/ViolationInSequence_0	55501200	39221
156.944	0.0	SequenceID_5/RunNumber_4/StimPosition_16/StimID_1/ViolationOrNot_0/Complexity_12/ViolationInSequence_0	55611200	39236
157.132	0.0	SequenceID_5/RunNumber_4/StimPosition_1/StimID_0/ViolationOrNot_0/Complexity_12/ViolationInSequence_0	54101200	39283
157.196	0.0	SequenceID_5/RunNumber_4/StimPosition_2/StimID_0/ViolationOrNot_0/Complexity_12/ViolationInSequence_0	54201200	39299
157.256	0.0	SequenceID_5/RunNumber_4/StimPosition_3/StimID_1/ViolationOrNot_0/Complexity_12/ViolationInSequence_0	54311200	39314
157.32	0.0	SequenceID_5/RunNumber_4/StimPosition_4/StimID_1/ViolationOrNot_0/Complexity_12/ViolationInSequence_0	54411200	39330
157.384	0.0	SequenceID_5/RunNumber_4/StimPosition_5/StimID_0/ViolationOrNot_0/Complexity_12/ViolationInSequence_0	54501200	39346
157.448	0.0	SequenceID_5/RunNumber_4/StimPosition_6/StimID_1/ViolationOrNot_0/Complexity_12/ViolationInSequence_0	54611200	39362
157.508	0.0	SequenceID_5/RunNumber_4/StimPosition_7/StimID_0/ViolationOrNot_0/Complexity_12/ViolationInSequence_0	54701200	39377
157.572	0.0	SequenceID_5/RunNumber_4/StimPosition_8/StimID_1/ViolationOrNot_0/Complexity_12/ViolationInSequence_0	54811200	39393
157.632	0.0	SequenceID_5/RunNumber_4/StimPosition_9/StimID_0/ViolationOrNot_0/Complexity_12/ViolationInSequence_0	54901200	39408
157.696	0.0	SequenceID_5/RunNumber_4/StimPosition_10/StimID_0/ViolationOrNot_0/Complexity_12/ViolationInSequence_0	55001200	39424
157.76	0.0	SequenceID_5/RunNumber_4/StimPosition_11/StimID_1/ViolationOrNot_0/Complexity_12/ViolationInSequence_0	55111200	39440
157.824	0.0	SequenceID_5/RunNumber_4/StimPosition_12/StimID_1/ViolationOrNot_0/Complexity_12/ViolationInSequence_0	55211200	39456
157.884	0.0	SequenceID_5/RunNumber_4/StimPosition_13/StimID_0/ViolationOrNot_0/Complexity_12/ViolationInSequence_0	55301200	39471
157.948	0.0	SequenceID_5/RunNumber_4/StimPosition_14/StimID_1/ViolationOrNot_0/Complexity_12/ViolationInSequence_0	55411200	39487
158.008	0.0	SequenceID_5/RunNumber_4/StimPosition_15/StimID_0/ViolationOrNot_0/Complexity_12/ViolationInSequence_0	55501200	39502
158.072	0.0	SequenceID_5/RunNumber_4/StimPosition_16/StimID_1/ViolationOrNot_0/Complexity_12/ViolationInSequence_0	55611200	39518
158.26	0.0	SequenceID_5/RunNumber_4/StimPosition_1/StimID_0/ViolationOrNot_0/Complexity_12/ViolationInSequence_0	54101200	39565
158.32	0.0	SequenceID_5/RunNumber_4/StimPosition_2/StimID_0/ViolationOrNot_0/Complexity_12/ViolationInSequence_0	54201200	39580
158.384	0.0	SequenceID_5/RunNumber_4/StimPosition_3/StimID_1/ViolationOrNot_0/Complexity_12/ViolationInSequence_0	54311200	39596
158.448	0.0	SequenceID_5/RunNumber_4/StimPosition_4/StimID_1/ViolationOrNot_0/Complexity_12/ViolationInSequence_0	54411200	39612
158.512	0.0	SequenceID_5/RunNumber_4/StimPosition_5/StimID_0/ViolationOrNot_0/Complexity_12/ViolationInSequence_0	54501200	39628
158.572	0.0	SequenceID_5/RunNumber_4/StimPosition_6/StimID_1/ViolationOrNot_0/Complexity_12/ViolationInSequence_0	54611200	39643
158.636	0.0	SequenceID_5/RunNumber_4/StimPosition_7/StimID_0/ViolationOrNot_0/Complexity_12/ViolationInSequence_0	54701200	39659
158.696	0.0	SequenceID_5/RunNumber_4/StimPosition_8/StimID_1/ViolationOrNot_0/Complexity_12/ViolationInSequence_0	54811200	39674
158.76	0.0	SequenceID_5/RunNumber_4/StimPosition_9/StimID_0/ViolationOrNot_0/Complexity_12/ViolationInSequence_0	54901200	39690
158.824	0.0	SequenceID_5/RunNumber_4/StimPosition_10/StimID_0/ViolationOrNot_0/Complexity_12/ViolationInSequence_0	55001200	39706
158.884	0.0	SequenceID_5/RunNumber_4/StimPosition_11/StimID_1/ViolationOrNot_0/Complexity_12/ViolationInSequence_0	55111200	39721
158.948	0.0	SequenceID_5/RunNumber_4/StimPosition_12/StimID_1/ViolationOrNot_0/Complexity_12/ViolationInSequence_0	55211200	39737
159.008	0.0	SequenceID_5/RunNumber_4/StimPosition_13/StimID_0/ViolationOrNot_0/Complexity_12/ViolationInSequence_0	55301200	39752
159.072	0.0	SequenceID_5/RunNumber_4/StimPosition_14/StimID_1/ViolationOrNot_0/Complexity_12/ViolationInSequence_0	55411200	39768
159.136	0.0	SequenceID_5/RunNumber_4/StimPosition_15/StimID_0/ViolationOrNot_0/Complexity_12/ViolationInSequence_0	55501200	39784
159.2	0.0	SequenceID_5/RunNumber_4/StimPosition_16/StimID_1/ViolationOrNot_0/Complexity_12/ViolationInSequence_0	55611200	39800
159.384	0.0	SequenceID_5/RunNumber_4/StimPosition_1/StimID_0/ViolationOrNot_0/Complexity_12/ViolationInSequence_11	54101310	39846
159.448	0.0	SequenceID_5/RunNumber_4/StimPosition_2/StimID_0/ViolationOrNot_0/Complexity_12/ViolationInSequence_11	54201310	39862
159.512	0.0	SequenceID_5/RunNumber_4/StimPosition_3/StimID_1/ViolationOrNot_0/Complexity_12/ViolationInSequence_11	54311310	39878
159.572	0.0	SequenceID_5/RunNumber_4/StimPosition_4/StimID_1/ViolationOrNot_0/Complexity_12/ViolationInSequence_11	54411310	39893
159.636	0.0	SequenceID_5/RunNumber_4/StimPosition_5/StimID_0/ViolationOrNot_0/Complexity_12/ViolationInSequence_11	54501310	39909
159.696	0.0	SequenceID_5/RunNumber_4/StimPosition_6/StimID_1/ViolationOrNot_0/Complexity_12/ViolationInSequence_11	54611310	39924
159.76	0.0	SequenceID_5/RunNumber_4/StimPosition_7/StimID_0/ViolationOrNot_0/Complexity_12/ViolationInSequence_11	54701310	39940
159.824	0.0	SequenceID_5/RunNumber_4/StimPosition_8/StimID_1/ViolationOrNot_0/Complexity_12/ViolationInSequence_11	54811310	39956
159.888	0.0	SequenceID_5/RunNumber_4/StimPosition_9/StimID_0/ViolationOrNot_0/Complexity_12/ViolationInSequence_11	54901310	39972
159.948	0.0	SequenceID_5/RunNumber_4/StimPosition_10/StimID_0/ViolationOrNot_0/Complexity_12/ViolationInSequence_11	55001310	39987
160.012	0.0	SequenceID_5/RunNumber_4/StimPosition_11/StimID_0/ViolationOrNot_1/Complexity_12/ViolationInSequence_11	55102310	40003
160.072	0.0	SequenceID_5/RunNumber_4/StimPosition_12/StimID_1/ViolationOrNot_0/Complexity_12/ViolationInSequence_11	55211310	40018
160.136	0.0	SequenceID_5/RunNumber_4/StimPosition_13/StimID_0/ViolationOrNot_0/Complexity_12/ViolationInSequence_11	55301310	40034
160.2	0.0	SequenceID_5/RunNumber_4/StimPosition_14/StimID_1/ViolationOrNot_0/Complexity_12/ViolationInSequence_11	55411310	40050
160.26	0.0	SequenceID_5/RunNumber_4/StimPosition_15/StimID_0/ViolationOrNot_0/Complexity_12/ViolationInSequence_11	55501310	40065
160.324	0.0	SequenceID_5/RunNumber_4/StimPosition_16/StimID_1/ViolationOrNot_0/Complexity_12/ViolationInSequence_11	55611310	40081
160.512	0.0	SequenceID_5/RunNumber_4/StimPosition_1/StimID_0/ViolationOrNot_0/Complexity_12/ViolationInSequence_11	54101310	40128
160.572	0.0	SequenceID_5/RunNumber_4/StimPosition_2/StimID_0/ViolationOrNot_0/Complexity_12/ViolationInSequence_11	54201310	40143
160.636	0.0	SequenceID_5/RunNumber_4/StimPosition_3/StimID_1/ViolationOrNot_0/Complexity_12/ViolationInSequence_11	54311310	40159
160.696	0.0	SequenceID_5/RunNumber_4/StimPosition_4/StimID_1/ViolationOrNot_0/Complexity_12/ViolationInSequence_11	54411310	40174
160.76	0.0	SequenceID_5/RunNumber_4/StimPosition_5/StimID_0/ViolationOrNot_0/Complexity_12/ViolationInSequence_11	54501310	40190
160.824	0.0	SequenceID_5/RunNumber_4/StimPosition_6/StimID_1/ViolationOrNot_0/Complexity_12/ViolationInSequence_11	54611310	40206
160.888	0.0	SequenceID_5/RunNumber_4/StimPosition_7/StimID_0/ViolationOrNot_0/Complexity_12/ViolationInSequence_11	54701310	40222
160.948	0.0	SequenceID_5/RunNumber_4/StimPosition_8/StimID_1/ViolationOrNot_0/Complexity_12/ViolationInSequence_11	54811310	40237
161.012	0.0	SequenceID_5/RunNumber_4/StimPosition_9/StimID_0/ViolationOrNot_0/Complexity_12/ViolationInSequence_11	54901310	40253
161.072	0.0	SequenceID_5/RunNumber_4/StimPosition_10/StimID_0/ViolationOrNot_0/Complexity_12/ViolationInSequence_11	55001310	40268
161.136	0.0	SequenceID_5/RunNumber_4/StimPosition_11/StimID_0/ViolationOrNot_1/Complexity_12/ViolationInSequence_11	55102310	40284
161.2	0.0	SequenceID_5/RunNumber_4/StimPosition_12/StimID_1/ViolationOrNot_0/Complexity_12/ViolationInSequence_11	55211310	40300
161.26	0.0	SequenceID_5/RunNumber_4/StimPosition_13/StimID_0/ViolationOrNot_0/Complexity_12/ViolationInSequence_11	55301310	40315
161.324	0.0	SequenceID_5/RunNumber_4/StimPosition_14/StimID_1/ViolationOrNot_0/Complexity_12/ViolationInSequence_11	55411310	40331
161.384	0.0	SequenceID_5/RunNumber_4/StimPosition_15/StimID_0/ViolationOrNot_0/Complexity_12/ViolationInSequence_11	55501310	40346
161.448	0.0	SequenceID_5/RunNumber_4/StimPosition_16/StimID_1/ViolationOrNot_0/Complexity_12/ViolationInSequence_11	55611310	40362
161.636	0.0	SequenceID_5/RunNumber_4/StimPosition_1/StimID_0/ViolationOrNot_0/Complexity_12/ViolationInSequence_10	54101300	40409
161.7	0.0	SequenceID_5/RunNumber_4/StimPosition_2/StimID_0/ViolationOrNot_0/Complexity_12/ViolationInSequence_10	54201300	40425
161.76	0.0	SequenceID_5/RunNumber_4/StimPosition_3/StimID_1/ViolationOrNot_0/Complexity_12/ViolationInSequence_10	54311300	40440
161.824	0.0	SequenceID_5/RunNumber_4/StimPosition_4/StimID_1/ViolationOrNot_0/Complexity_12/ViolationInSequence_10	54411300	40456
161.888	0.0	SequenceID_5/RunNumber_4/StimPosition_5/StimID_0/ViolationOrNot_0/Complexity_12/ViolationInSequence_10	54501300	40472
161.948	0.0	SequenceID_5/RunNumber_4/StimPosition_6/StimID_1/ViolationOrNot_0/Complexity_12/ViolationInSequence_10	54611300	40487
162.012	0.0	SequenceID_5/RunNumber_4/StimPosition_7/StimID_0/ViolationOrNot_0/Complexity_12/ViolationInSequence_10	54701300	40503
162.072	0.0	SequenceID_5/RunNumber_4/StimPosition_8/StimID_1/ViolationOrNot_0/Complexity_12/ViolationInSequence_10	54811300	40518
162.136	0.0	SequenceID_5/RunNumber_4/StimPosition_9/StimID_0/ViolationOrNot_0/Complexity_12/ViolationInSequence_10	54901300	40534
162.2	0.0	SequenceID_5/RunNumber_4/StimPosition_10/StimID_1/ViolationOrNot_1/Complexity_12/ViolationInSequence_10	55012300	40550
162.26	0.0	SequenceID_5/RunNumber_4/StimPosition_11/StimID_1/ViolationOrNot_0/Complexity_12/ViolationInSequence_10	55111300	40565
162.324	0.0	SequenceID_5/RunNumber_4/StimPosition_12/StimID_1/ViolationOrNot_0/Complexity_12/ViolationInSequence_10	55211300	40581
162.384	0.0	SequenceID_5/RunNumber_4/StimPosition_13/StimID_0/ViolationOrNot_0/Complexity_12/ViolationInSequence_10	55301300	40596
162.448	0.0	SequenceID_5/RunNumber_4/StimPosition_14/StimID_1/ViolationOrNot_0/Complexity_12/ViolationInSequence_10	55411300	40612
162.512	0.0	SequenceID_5/RunNumber_4/StimPosition_15/StimID_0/ViolationOrNot_0/Complexity_12/ViolationInSequence_10	55501300	40628
162.576	0.0	SequenceID_5/RunNumber_4/StimPosition_16/StimID_1/ViolationOrNot_0/Complexity_12/ViolationInSequence_10	55611300	40644
162.76	0.0	SequenceID_5/RunNumber_4/StimPosition_1/StimID_0/ViolationOrNot_0/Complexity_12/ViolationInSequence_14	54101340	40690
162.824	0.0	SequenceID_5/RunNumber_4/StimPosition_2/StimID_0/ViolationOrNot_0/Complexity_12/ViolationInSequence_14	54201340	40706
162.888	0.0	SequenceID_5/RunNumber_4/StimPosition_3/StimID_1/ViolationOrNot_0/Complexity_12/ViolationInSequence_14	54311340	40722
162.948	0.0	SequenceID_5/RunNumber_4/StimPosition_4/StimID_1/ViolationOrNot_0/Complexity_12/ViolationInSequence_14	54411340	40737
163.012	0.0	SequenceID_5/RunNumber_4/StimPosition_5/StimID_0/ViolationOrNot_0/Complexity_12/ViolationInSequence_14	54501340	40753
163.072	0.0	SequenceID_5/RunNumber_4/StimPosition_6/StimID_1/ViolationOrNot_0/Complexity_12/ViolationInSequence_14	54611340	40768
163.136	0.0	SequenceID_5/RunNumber_4/StimPosition_7/StimID_0/ViolationOrNot_0/Complexity_12/ViolationInSequence_14	54701340	40784
163.2	0.0	SequenceID_5/RunNumber_4/StimPosition_8/StimID_1/ViolationOrNot_0/Complexity_12/ViolationInSequence_14	54811340	40800
163.264	0.0	SequenceID_5/RunNumber_4/StimPosition_9/StimID_0/ViolationOrNot_0/Complexity_12/ViolationInSequence_14	54901340	40816
163.324	0.0	SequenceID_5/RunNumber_4/StimPosition_10/StimID_0/ViolationOrNot_0/Complexity_12/ViolationInSequence_14	55001340	40831
163.388	0.0	SequenceID_5/RunNumber_4/StimPosition_11/StimID_1/ViolationOrNot_0/Complexity_12/ViolationInSequence_14	55111340	40847
163.448	0.0	SequenceID_5/RunNumber_4/StimPosition_12/StimID_1/ViolationOrNot_0/Complexity_12/ViolationInSequence_14	55211340	40862
163.512	0.0	SequenceID_5/RunNumber_4/StimPosition_13/StimID_0/ViolationOrNot_0/Complexity_12/ViolationInSequence_14	55301340	40878
163.576	0.0	SequenceID_5/RunNumber_4/StimPosition_14/StimID_0/ViolationOrNot_1/Complexity_12/ViolationInSequence_14	55402340	40894
163.636	0.0	SequenceID_5/RunNumber_4/StimPosition_15/StimID_0/ViolationOrNot_0/Complexity_12/ViolationInSequence_14	55501340	40909
163.7	0.0	SequenceID_5/RunNumber_4/StimPosition_16/StimID_1/ViolationOrNot_0/Complexity_12/ViolationInSequence_14	55611340	40925
163.888	0.0	SequenceID_5/RunNumber_4/StimPosition_1/StimID_0/ViolationOrNot_0/Complexity_12/ViolationInSequence_0	54101200	40972
163.948	0.0	SequenceID_5/RunNumber_4/StimPosition_2/StimID_0/ViolationOrNot_0/Complexity_12/ViolationInSequence_0	54201200	40987
164.012	0.0	SequenceID_5/RunNumber_4/StimPosition_3/StimID_1/ViolationOrNot_0/Complexity_12/ViolationInSequence_0	54311200	41003
164.072	0.0	SequenceID_5/RunNumber_4/StimPosition_4/StimID_1/ViolationOrNot_0/Complexity_12/ViolationInSequence_0	54411200	41018
164.136	0.0	SequenceID_5/RunNumber_4/StimPosition_5/StimID_0/ViolationOrNot_0/Complexity_12/ViolationInSequence_0	54501200	41034
164.2	0.0	SequenceID_5/RunNumber_4/StimPosition_6/StimID_1/ViolationOrNot_0/Complexity_12/ViolationInSequence_0	54611200	41050
164.264	0.0	SequenceID_5/RunNumber_4/StimPosition_7/StimID_0/ViolationOrNot_0/Complexity_12/ViolationInSequence_0	54701200	41066
164.324	0.0	SequenceID_5/RunNumber_4/StimPosition_8/StimID_1/ViolationOrNot_0/Complexity_12/ViolationInSequence_0	54811200	41081
164.388	0.0	SequenceID_5/RunNumber_4/StimPosition_9/StimID_0/ViolationOrNot_0/Complexity_12/ViolationInSequence_0	54901200	41097
164.448	0.0	SequenceID_5/RunNumber_4/StimPosition_10/StimID_0/ViolationOrNot_0/Complexity_12/ViolationInSequence_0	55001200	41112
164.512	0.0	SequenceID_5/RunNumber_4/StimPosition_11/StimID_1/ViolationOrNot_0/Complexity_12/ViolationInSequence_0	55111200	41128
164.576	0.0	SequenceID_5/RunNumber_4/StimPosition_12/StimID_1/ViolationOrNot_0/Complexity_12/ViolationInSequence_0	55211200	41144
164.636	0.0	SequenceID_5/RunNumber_4/StimPosition_13/StimID_0/ViolationOrNot_0/Complexity_12/ViolationInSequence_0	55301200	41159
164.7	0.0	SequenceID_5/RunNumber_4/StimPosition_14/StimID_1/ViolationOrNot_0/Complexity_12/ViolationInSequence_0	55411200	41175
164.76	0.0	SequenceID_5/RunNumber_4/StimPosition_15/StimID_0/ViolationOrNot_0/Complexity_12/ViolationInSequence_0	55501200	41190
164.824	0.0	SequenceID_5/RunNumber_4/StimPosition_16/StimID_1/ViolationOrNot_0/Complexity_12/ViolationInSequence_0	55611200	41206
165.012	0.0	SequenceID_5/RunNumber_4/StimPosition_1/StimID_0/ViolationOrNot_0/Complexity_12/ViolationInSequence_0	54101200	41253
165.076	0.0	SequenceID_5/RunNumber_4/StimPosition_2/StimID_0/ViolationOrNot_0/Complexity_12/ViolationInSequence_0	54201200	41269
165.136	0.0	SequenceID_5/RunNumber_4/StimPosition_3/StimID_1/ViolationOrNot_0/Complexity_12/ViolationInSequence_0	54311200	41284
165.2	0.0	SequenceID_5/RunNumber_4/StimPosition_4/StimID_1/ViolationOrNot_0/Complexity_12/ViolationInSequence_0	54411200	41300
165.264	0.0	SequenceID_5/RunNumber_4/StimPosition_5/StimID_0/ViolationOrNot_0/Complexity_12/ViolationInSequence_0	54501200	41316
165.324	0.0	SequenceID_5/RunNumber_4/StimPosition_6/StimID_1/ViolationOrNot_0/Complexity_12/ViolationInSequence_0	54611200	41331
165.388	0.0	SequenceID_5/RunNumber_4/StimPosition_7/StimID_0/ViolationOrNot_0/Complexity_12/ViolationInSequence_0	54701200	41347
165.448	0.0	SequenceID_5/RunNumber_4/StimPosition_8/StimID_1/ViolationOrNot_0/Complexity_12/ViolationInSequence_0	54811200	41362
165.512	0.0	SequenceID_5/RunNumber_4/StimPosition_9/StimID_0/ViolationOrNot_0/Complexity_12/ViolationInSequence_0	54901200	41378
165.576	0.0	SequenceID_5/RunNumber_4/StimPosition_10/StimID_0/ViolationOrNot_0/Complexity_12/ViolationInSequence_0	55001200	41394
165.64	0.0	SequenceID_5/RunNumber_4/StimPosition_11/StimID_1/ViolationOrNot_0/Complexity_12/ViolationInSequence_0	55111200	41410
165.7	0.0	SequenceID_5/RunNumber_4/StimPosition_12/StimID_1/ViolationOrNot_0/Complexity_12/ViolationInSequence_0	55211200	41425
165.764	0.0	SequenceID_5/RunNumber_4/StimPosition_13/StimID_0/ViolationOrNot_0/Complexity_12/ViolationInSequence_0	55301200	41441
165.824	0.0	SequenceID_5/RunNumber_4/StimPosition_14/StimID_1/ViolationOrNot_0/Complexity_12/ViolationInSequence_0	55411200	41456
165.888	0.0	SequenceID_5/RunNumber_4/StimPosition_15/StimID_0/ViolationOrNot_0/Complexity_12/ViolationInSequence_0	55501200	41472
165.952	0.0	SequenceID_5/RunNumber_4/StimPosition_16/StimID_1/ViolationOrNot_0/Complexity_12/ViolationInSequence_0	55611200	41488
166.136	0.0	SequenceID_5/RunNumber_4/StimPosition_1/StimID_0/ViolationOrNot_0/Complexity_12/ViolationInSequence_11	54101310	41534
166.2	0.0	SequenceID_5/RunNumber_4/StimPosition_2/StimID_0/ViolationOrNot_0/Complexity_12/ViolationInSequence_11	54201310	41550
166.264	0.0	SequenceID_5/RunNumber_4/StimPosition_3/StimID_1/ViolationOrNot_0/Complexity_12/ViolationInSequence_11	54311310	41566
166.328	0.0	SequenceID_5/RunNumber_4/StimPosition_4/StimID_1/ViolationOrNot_0/Complexity_12/ViolationInSequence_11	54411310	41582
166.388	0.0	SequenceID_5/RunNumber_4/StimPosition_5/StimID_0/ViolationOrNot_0/Complexity_12/ViolationInSequence_11	54501310	41597
166.452	0.0	SequenceID_5/RunNumber_4/StimPosition_6/StimID_1/ViolationOrNot_0/Complexity_12/ViolationInSequence_11	54611310	41613
166.512	0.0	SequenceID_5/RunNumber_4/StimPosition_7/StimID_0/ViolationOrNot_0/Complexity_12/ViolationInSequence_11	54701310	41628
166.576	0.0	SequenceID_5/RunNumber_4/StimPosition_8/StimID_1/ViolationOrNot_0/Complexity_12/ViolationInSequence_11	54811310	41644
166.64	0.0	SequenceID_5/RunNumber_4/StimPosition_9/StimID_0/ViolationOrNot_0/Complexity_12/ViolationInSequence_11	54901310	41660
166.7	0.0	SequenceID_5/RunNumber_4/StimPosition_10/StimID_0/ViolationOrNot_0/Complexity_12/ViolationInSequence_11	55001310	41675
166.764	0.0	SequenceID_5/RunNumber_4/StimPosition_11/StimID_0/ViolationOrNot_1/Complexity_12/ViolationInSequence_11	55102310	41691
166.824	0.0	SequenceID_5/RunNumber_4/StimPosition_12/StimID_1/ViolationOrNot_0/Complexity_12/ViolationInSequence_11	55211310	41706
166.888	0.0	SequenceID_5/RunNumber_4/StimPosition_13/StimID_0/ViolationOrNot_0/Complexity_12/ViolationInSequence_11	55301310	41722
166.952	0.0	SequenceID_5/RunNumber_4/StimPosition_14/StimID_1/ViolationOrNot_0/Complexity_12/ViolationInSequence_11	55411310	41738
167.016	0.0	SequenceID_5/RunNumber_4/StimPosition_15/StimID_0/ViolationOrNot_0/Complexity_12/ViolationInSequence_11	55501310	41754
167.076	0.0	SequenceID_5/RunNumber_4/StimPosition_16/StimID_1/ViolationOrNot_0/Complexity_12/ViolationInSequence_11	55611310	41769
167.264	0.0	SequenceID_5/RunNumber_4/StimPosition_1/StimID_0/ViolationOrNot_0/Complexity_12/ViolationInSequence_15	54101350	41816
167.328	0.0	SequenceID_5/RunNumber_4/StimPosition_2/StimID_0/ViolationOrNot_0/Complexity_12/ViolationInSequence_15	54201350	41832
167.388	0.0	SequenceID_5/RunNumber_4/StimPosition_3/StimID_1/ViolationOrNot_0/Complexity_12/ViolationInSequence_15	54311350	41847
167.452	0.0	SequenceID_5/RunNumber_4/StimPosition_4/StimID_1/ViolationOrNot_0/Complexity_12/ViolationInSequence_15	54411350	41863
167.512	0.0	SequenceID_5/RunNumber_4/StimPosition_5/StimID_0/ViolationOrNot_0/Complexity_12/ViolationInSequence_15	54501350	41878
167.576	0.0	SequenceID_5/RunNumber_4/StimPosition_6/StimID_1/ViolationOrNot_0/Complexity_12/ViolationInSequence_15	54611350	41894
167.64	0.0	SequenceID_5/RunNumber_4/StimPosition_7/StimID_0/ViolationOrNot_0/Complexity_12/ViolationInSequence_15	54701350	41910
167.704	0.0	SequenceID_5/RunNumber_4/StimPosition_8/StimID_1/ViolationOrNot_0/Complexity_12/ViolationInSequence_15	54811350	41926
167.764	0.0	SequenceID_5/RunNumber_4/StimPosition_9/StimID_0/ViolationOrNot_0/Complexity_12/ViolationInSequence_15	54901350	41941
167.828	0.0	SequenceID_5/RunNumber_4/StimPosition_10/StimID_0/ViolationOrNot_0/Complexity_12/ViolationInSequence_15	55001350	41957
167.888	0.0	SequenceID_5/RunNumber_4/StimPosition_11/StimID_1/ViolationOrNot_0/Complexity_12/ViolationInSequence_15	55111350	41972
167.952	0.0	SequenceID_5/RunNumber_4/StimPosition_12/StimID_1/ViolationOrNot_0/Complexity_12/ViolationInSequence_15	55211350	41988
168.016	0.0	SequenceID_5/RunNumber_4/StimPosition_13/StimID_0/ViolationOrNot_0/Complexity_12/ViolationInSequence_15	55301350	42004
168.076	0.0	SequenceID_5/RunNumber_4/StimPosition_14/StimID_1/ViolationOrNot_0/Complexity_12/ViolationInSequence_15	55411350	42019
168.14	0.0	SequenceID_5/RunNumber_4/StimPosition_15/StimID_1/ViolationOrNot_1/Complexity_12/ViolationInSequence_15	55512350	42035
168.2	0.0	SequenceID_5/RunNumber_4/StimPosition_16/StimID_1/ViolationOrNot_0/Complexity_12/ViolationInSequence_15	55611350	42050
168.392	0.0	SequenceID_5/RunNumber_4/StimPosition_1/StimID_0/ViolationOrNot_0/Complexity_12/ViolationInSequence_0	54101200	42098
168.452	0.0	SequenceID_5/RunNumber_4/StimPosition_2/StimID_0/ViolationOrNot_0/Complexity_12/ViolationInSequence_0	54201200	42113
168.516	0.0	SequenceID_5/RunNumber_4/StimPosition_3/StimID_1/ViolationOrNot_0/Complexity_12/ViolationInSequence_0	54311200	42129
168.576	0.0	SequenceID_5/RunNumber_4/StimPosition_4/StimID_1/ViolationOrNot_0/Complexity_12/ViolationInSequence_0	54411200	42144
168.64	0.0	SequenceID_5/RunNumber_4/StimPosition_5/StimID_0/ViolationOrNot_0/Complexity_12/ViolationInSequence_0	54501200	42160
168.704	0.0	SequenceID_5/RunNumber_4/StimPosition_6/StimID_1/ViolationOrNot_0/Complexity_12/ViolationInSequence_0	54611200	42176
168.764	0.0	SequenceID_5/RunNumber_4/StimPosition_7/StimID_0/ViolationOrNot_0/Complexity_12/ViolationInSequence_0	54701200	42191
168.828	0.0	SequenceID_5/RunNumber_4/StimPosition_8/StimID_1/ViolationOrNot_0/Complexity_12/ViolationInSequence_0	54811200	42207
168.888	0.0	SequenceID_5/RunNumber_4/StimPosition_9/StimID_0/ViolationOrNot_0/Complexity_12/ViolationInSequence_0	54901200	42222
168.952	0.0	SequenceID_5/RunNumber_4/StimPosition_10/StimID_0/ViolationOrNot_0/Complexity_12/ViolationInSequence_0	55001200	42238
169.016	0.0	SequenceID_5/RunNumber_4/StimPosition_11/StimID_1/ViolationOrNot_0/Complexity_12/ViolationInSequence_0	55111200	42254
169.08	0.0	SequenceID_5/RunNumber_4/StimPosition_12/StimID_1/ViolationOrNot_0/Complexity_12/ViolationInSequence_0	55211200	42270
169.14	0.0	SequenceID_5/RunNumber_4/StimPosition_13/StimID_0/ViolationOrNot_0/Complexity_12/ViolationInSequence_0	55301200	42285
169.204	0.0	SequenceID_5/RunNumber_4/StimPosition_14/StimID_1/ViolationOrNot_0/Complexity_12/ViolationInSequence_0	55411200	42301
169.264	0.0	SequenceID_5/RunNumber_4/StimPosition_15/StimID_0/ViolationOrNot_0/Complexity_12/ViolationInSequence_0	55501200	42316
169.328	0.0	SequenceID_5/RunNumber_4/StimPosition_16/StimID_1/ViolationOrNot_0/Complexity_12/ViolationInSequence_0	55611200	42332
169.516	0.0	SequenceID_5/RunNumber_4/StimPosition_1/StimID_0/ViolationOrNot_0/Complexity_12/ViolationInSequence_10	54101300	42379
169.576	0.0	SequenceID_5/RunNumber_4/StimPosition_2/StimID_0/ViolationOrNot_0/Complexity_12/ViolationInSequence_10	54201300	42394
169.64	0.0	SequenceID_5/RunNumber_4/StimPosition_3/StimID_1/ViolationOrNot_0/Complexity_12/ViolationInSequence_10	54311300	42410
169.704	0.0	SequenceID_5/RunNumber_4/StimPosition_4/StimID_1/ViolationOrNot_0/Complexity_12/ViolationInSequence_10	54411300	42426
169.764	0.0	SequenceID_5/RunNumber_4/StimPosition_5/StimID_0/ViolationOrNot_0/Complexity_12/ViolationInSequence_10	54501300	42441
169.828	0.0	SequenceID_5/RunNumber_4/StimPosition_6/StimID_1/ViolationOrNot_0/Complexity_12/ViolationInSequence_10	54611300	42457
169.892	0.0	SequenceID_5/RunNumber_4/StimPosition_7/StimID_0/ViolationOrNot_0/Complexity_12/ViolationInSequence_10	54701300	42473
169.952	0.0	SequenceID_5/RunNumber_4/StimPosition_8/StimID_1/ViolationOrNot_0/Complexity_12/ViolationInSequence_10	54811300	42488
170.016	0.0	SequenceID_5/RunNumber_4/StimPosition_9/StimID_0/ViolationOrNot_0/Complexity_12/ViolationInSequence_10	54901300	42504
170.08	0.0	SequenceID_5/RunNumber_4/StimPosition_10/StimID_1/ViolationOrNot_1/Complexity_12/ViolationInSequence_10	55012300	42520
170.14	0.0	SequenceID_5/RunNumber_4/StimPosition_11/StimID_1/ViolationOrNot_0/Complexity_12/ViolationInSequence_10	55111300	42535
170.204	0.0	SequenceID_5/RunNumber_4/StimPosition_12/StimID_1/ViolationOrNot_0/Complexity_12/ViolationInSequence_10	55211300	42551
170.264	0.0	SequenceID_5/RunNumber_4/StimPosition_13/StimID_0/ViolationOrNot_0/Complexity_12/ViolationInSequence_10	55301300	42566
170.328	0.0	SequenceID_5/RunNumber_4/StimPosition_14/StimID_1/ViolationOrNot_0/Complexity_12/ViolationInSequence_10	55411300	42582
170.392	0.0	SequenceID_5/RunNumber_4/StimPosition_15/StimID_0/ViolationOrNot_0/Complexity_12/ViolationInSequence_10	55501300	42598
170.452	0.0	SequenceID_5/RunNumber_4/StimPosition_16/StimID_1/ViolationOrNot_0/Complexity_12/ViolationInSequence_10	55611300	42613
170.64	0.0	SequenceID_5/RunNumber_4/StimPosition_1/StimID_0/ViolationOrNot_0/Complexity_12/ViolationInSequence_15	54101350	42660
170.704	0.0	SequenceID_5/RunNumber_4/StimPosition_2/StimID_0/ViolationOrNot_0/Complexity_12/ViolationInSequence_15	54201350	42676
170.768	0.0	SequenceID_5/RunNumber_4/StimPosition_3/StimID_1/ViolationOrNot_0/Complexity_12/ViolationInSequence_15	54311350	42692
170.828	0.0	SequenceID_5/RunNumber_4/StimPosition_4/StimID_1/ViolationOrNot_0/Complexity_12/ViolationInSequence_15	54411350	42707
170.892	0.0	SequenceID_5/RunNumber_4/StimPosition_5/StimID_0/ViolationOrNot_0/Complexity_12/ViolationInSequence_15	54501350	42723
170.952	0.0	SequenceID_5/RunNumber_4/StimPosition_6/StimID_1/ViolationOrNot_0/Complexity_12/ViolationInSequence_15	54611350	42738
171.016	0.0	SequenceID_5/RunNumber_4/StimPosition_7/StimID_0/ViolationOrNot_0/Complexity_12/ViolationInSequence_15	54701350	42754
171.08	0.0	SequenceID_5/RunNumber_4/StimPosition_8/StimID_1/ViolationOrNot_0/Complexity_12/ViolationInSequence_15	54811350	42770
171.14	0.0	SequenceID_5/RunNumber_4/StimPosition_9/StimID_0/ViolationOrNot_0/Complexity_12/ViolationInSequence_15	54901350	42785
171.204	0.0	SequenceID_5/RunNumber_4/StimPosition_10/StimID_0/ViolationOrNot_0/Complexity_12/ViolationInSequence_15	55001350	42801
171.264	0.0	SequenceID_5/RunNumber_4/StimPosition_11/StimID_1/ViolationOrNot_0/Complexity_12/ViolationInSequence_15	55111350	42816
171.328	0.0	SequenceID_5/RunNumber_4/StimPosition_12/StimID_1/ViolationOrNot_0/Complexity_12/ViolationInSequence_15	55211350	42832
171.392	0.0	SequenceID_5/RunNumber_4/StimPosition_13/StimID_0/ViolationOrNot_0/Complexity_12/ViolationInSequence_15	55301350	42848
171.456	0.0	SequenceID_5/RunNumber_4/StimPosition_14/StimID_1/ViolationOrNot_0/Complexity_12/ViolationInSequence_15	55411350	42864
171.516	0.0	SequenceID_5/RunNumber_4/StimPosition_15/StimID_1/ViolationOrNot_1/Complexity_12/ViolationInSequence_15	55512350	42879
171.58	0.0	SequenceID_5/RunNumber_4/StimPosition_16/StimID_1/ViolationOrNot_0/Complexity_12/ViolationInSequence_15	55611350	42895
171.768	0.0	SequenceID_5/RunNumber_4/StimPosition_1/StimID_0/ViolationOrNot_0/Complexity_12/ViolationInSequence_0	54101200	42942
171.828	0.0	SequenceID_5/RunNumber_4/StimPosition_2/StimID_0/ViolationOrNot_0/Complexity_12/ViolationInSequence_0	54201200	42957
171.892	0.0	SequenceID_5/RunNumber_4/StimPosition_3/StimID_1/ViolationOrNot_0/Complexity_12/ViolationInSequence_0	54311200	42973
171.952	0.0	SequenceID_5/RunNumber_4/StimPosition_4/StimID_1/ViolationOrNot_0/Complexity_12/ViolationInSequence_0	54411200	42988
172.016	0.0	SequenceID_5/RunNumber_4/StimPosition_5/StimID_0/ViolationOrNot_0/Complexity_12/ViolationInSequence_0	54501200	43004
172.08	0.0	SequenceID_5/RunNumber_4/StimPosition_6/StimID_1/ViolationOrNot_0/Complexity_12/ViolationInSequence_0	54611200	43020
172.144	0.0	SequenceID_5/RunNumber_4/StimPosition_7/StimID_0/ViolationOrNot_0/Complexity_12/ViolationInSequence_0	54701200	43036
172.204	0.0	SequenceID_5/RunNumber_4/StimPosition_8/StimID_1/ViolationOrNot_0/Complexity_12/ViolationInSequence_0	54811200	43051
172.268	0.0	SequenceID_5/RunNumber_4/StimPosition_9/StimID_0/ViolationOrNot_0/Complexity_12/ViolationInSequence_0	54901200	43067
172.328	0.0	SequenceID_5/RunNumber_4/StimPosition_10/StimID_0/ViolationOrNot_0/Complexity_12/ViolationInSequence_0	55001200	43082
172.392	0.0	SequenceID_5/RunNumber_4/StimPosition_11/StimID_1/ViolationOrNot_0/Complexity_12/ViolationInSequence_0	55111200	43098
172.456	0.0	SequenceID_5/RunNumber_4/StimPosition_12/StimID_1/ViolationOrNot_0/Complexity_12/ViolationInSequence_0	55211200	43114
172.516	0.0	SequenceID_5/RunNumber_4/StimPosition_13/StimID_0/ViolationOrNot_0/Complexity_12/ViolationInSequence_0	55301200	43129
172.58	0.0	SequenceID_5/RunNumber_4/StimPosition_14/StimID_1/ViolationOrNot_0/Complexity_12/ViolationInSequence_0	55411200	43145
172.64	0.0	SequenceID_5/RunNumber_4/StimPosition_15/StimID_0/ViolationOrNot_0/Complexity_12/ViolationInSequence_0	55501200	43160
172.704	0.0	SequenceID_5/RunNumber_4/StimPosition_16/StimID_1/ViolationOrNot_0/Complexity_12/ViolationInSequence_0	55611200	43176
172.892	0.0	SequenceID_5/RunNumber_4/StimPosition_1/StimID_0/ViolationOrNot_0/Complexity_12/ViolationInSequence_10	54101300	43223
172.956	0.0	SequenceID_5/RunNumber_4/StimPosition_2/StimID_0/ViolationOrNot_0/Complexity_12/ViolationInSequence_10	54201300	43239
173.016	0.0	SequenceID_5/RunNumber_4/StimPosition_3/StimID_1/ViolationOrNot_0/Complexity_12/ViolationInSequence_10	54311300	43254
173.08	0.0	SequenceID_5/RunNumber_4/StimPosition_4/StimID_1/ViolationOrNot_0/Complexity_12/ViolationInSequence_10	54411300	43270
173.144	0.0	SequenceID_5/RunNumber_4/StimPosition_5/StimID_0/ViolationOrNot_0/Complexity_12/ViolationInSequence_10	54501300	43286
173.204	0.0	SequenceID_5/RunNumber_4/StimPosition_6/StimID_1/ViolationOrNot_0/Complexity_12/ViolationInSequence_10	54611300	43301
173.268	0.0	SequenceID_5/RunNumber_4/StimPosition_7/StimID_0/ViolationOrNot_0/Complexity_12/ViolationInSequence_10	54701300	43317
173.328	0.0	SequenceID_5/RunNumber_4/StimPosition_8/StimID_1/ViolationOrNot_0/Complexity_12/ViolationInSequence_10	54811300	43332
173.392	0.0	SequenceID_5/RunNumber_4/StimPosition_9/StimID_0/ViolationOrNot_0/Complexity_12/ViolationInSequence_10	54901300	43348
173.456	0.0	SequenceID_5/RunNumber_4/StimPosition_10/StimID_1/ViolationOrNot_1/Complexity_12/ViolationInSequence_10	55012300	43364
173.516	0.0	SequenceID_5/RunNumber_4/StimPosition_11/StimID_1/ViolationOrNot_0/Complexity_12/ViolationInSequence_10	55111300	43379
173.58	0.0	SequenceID_5/RunNumber_4/StimPosition_12/StimID_1/ViolationOrNot_0/Complexity_12/ViolationInSequence_10	55211300	43395
173.64	0.0	SequenceID_5/RunNumber_4/StimPosition_13/StimID_0/ViolationOrNot_0/Complexity_12/ViolationInSequence_10	55301300	43410
173.704	0.0	SequenceID_5/RunNumber_4/StimPosition_14/StimID_1/ViolationOrNot_0/Complexity_12/ViolationInSequence_10	55411300	43426
173.768	0.0	SequenceID_5/RunNumber_4/StimPosition_15/StimID_0/ViolationOrNot_0/Complexity_12/ViolationInSequence_10	55501300	43442
173.832	0.0	SequenceID_5/RunNumber_4/StimPosition_16/StimID_1/ViolationOrNot_0/Complexity_12/ViolationInSequence_10	55611300	43458
174.016	0.0	SequenceID_5/RunNumber_4/StimPosition_1/StimID_0/ViolationOrNot_0/Complexity_12/ViolationInSequence_14	54101340	43504
174.08	0.0	SequenceID_5/RunNumber_4/StimPosition_2/StimID_0/ViolationOrNot_0/Complexity_12/ViolationInSequence_14	54201340	43520
174.144	0.0	SequenceID_5/RunNumber_4/StimPosition_3/StimID_1/ViolationOrNot_0/Complexity_12/ViolationInSequence_14	54311340	43536
174.204	0.0	SequenceID_5/RunNumber_4/StimPosition_4/StimID_1/ViolationOrNot_0/Complexity_12/ViolationInSequence_14	54411340	43551
174.268	0.0	SequenceID_5/RunNumber_4/StimPosition_5/StimID_0/ViolationOrNot_0/Complexity_12/ViolationInSequence_14	54501340	43567
174.328	0.0	SequenceID_5/RunNumber_4/StimPosition_6/StimID_1/ViolationOrNot_0/Complexity_12/ViolationInSequence_14	54611340	43582
174.392	0.0	SequenceID_5/RunNumber_4/StimPosition_7/StimID_0/ViolationOrNot_0/Complexity_12/ViolationInSequence_14	54701340	43598
174.456	0.0	SequenceID_5/RunNumber_4/StimPosition_8/StimID_1/ViolationOrNot_0/Complexity_12/ViolationInSequence_14	54811340	43614
174.52	0.0	SequenceID_5/RunNumber_4/StimPosition_9/StimID_0/ViolationOrNot_0/Complexity_12/ViolationInSequence_14	54901340	43630
174.58	0.0	SequenceID_5/RunNumber_4/StimPosition_10/StimID_0/ViolationOrNot_0/Complexity_12/ViolationInSequence_14	55001340	43645
174.644	0.0	SequenceID_5/RunNumber_4/StimPosition_11/StimID_1/ViolationOrNot_0/Complexity_12/ViolationInSequence_14	55111340	43661
174.704	0.0	SequenceID_5/RunNumber_4/StimPosition_12/StimID_1/ViolationOrNot_0/Complexity_12/ViolationInSequence_14	55211340	43676
174.768	0.0	SequenceID_5/RunNumber_4/StimPosition_13/StimID_0/ViolationOrNot_0/Complexity_12/ViolationInSequence_14	55301340	43692
174.832	0.0	SequenceID_5/RunNumber_4/StimPosition_14/StimID_0/ViolationOrNot_1/Complexity_12/ViolationInSequence_14	55402340	43708
174.892	0.0	SequenceID_5/RunNumber_4/StimPosition_15/StimID_0/ViolationOrNot_0/Complexity_12/ViolationInSequence_14	55501340	43723
174.956	0.0	SequenceID_5/RunNumber_4/StimPosition_16/StimID_1/ViolationOrNot_0/Complexity_12/ViolationInSequence_14	55611340	43739
175.144	0.0	SequenceID_5/RunNumber_4/StimPosition_1/StimID_0/ViolationOrNot_0/Complexity_12/ViolationInSequence_14	54101340	43786
175.208	0.0	SequenceID_5/RunNumber_4/StimPosition_2/StimID_0/ViolationOrNot_0/Complexity_12/ViolationInSequence_14	54201340	43802
175.268	0.0	SequenceID_5/RunNumber_4/StimPosition_3/StimID_1/ViolationOrNot_0/Complexity_12/ViolationInSequence_14	54311340	43817
175.332	0.0	SequenceID_5/RunNumber_4/StimPosition_4/StimID_1/ViolationOrNot_0/Complexity_12/ViolationInSequence_14	54411340	43833
175.392	0.0	SequenceID_5/RunNumber_4/StimPosition_5/StimID_0/ViolationOrNot_0/Complexity_12/ViolationInSequence_14	54501340	43848
175.456	0.0	SequenceID_5/RunNumber_4/StimPosition_6/StimID_1/ViolationOrNot_0/Complexity_12/ViolationInSequence_14	54611340	43864
175.52	0.0	SequenceID_5/RunNumber_4/StimPosition_7/StimID_0/ViolationOrNot_0/Complexity_12/ViolationInSequence_14	54701340	43880
175.58	0.0	SequenceID_5/RunNumber_4/StimPosition_8/StimID_1/ViolationOrNot_0/Complexity_12/ViolationInSequence_14	54811340	43895
175.644	0.0	SequenceID_5/RunNumber_4/StimPosition_9/StimID_0/ViolationOrNot_0/Complexity_12/ViolationInSequence_14	54901340	43911
175.704	0.0	SequenceID_5/RunNumber_4/StimPosition_10/StimID_0/ViolationOrNot_0/Complexity_12/ViolationInSequence_14	55001340	43926
175.768	0.0	SequenceID_5/RunNumber_4/StimPosition_11/StimID_1/ViolationOrNot_0/Complexity_12/ViolationInSequence_14	55111340	43942
175.832	0.0	SequenceID_5/RunNumber_4/StimPosition_12/StimID_1/ViolationOrNot_0/Complexity_12/ViolationInSequence_14	55211340	43958
175.896	0.0	SequenceID_5/RunNumber_4/StimPosition_13/StimID_0/ViolationOrNot_0/Complexity_12/ViolationInSequence_14	55301340	43974
175.956	0.0	SequenceID_5/RunNumber_4/StimPosition_14/StimID_0/ViolationOrNot_1/Complexity_12/ViolationInSequence_14	55402340	43989
176.02	0.0	SequenceID_5/RunNumber_4/StimPosition_15/StimID_0/ViolationOrNot_0/Complexity_12/ViolationInSequence_14	55501340	44005
176.08	0.0	SequenceID_5/RunNumber_4/StimPosition_16/StimID_1/ViolationOrNot_0/Complexity_12/ViolationInSequence_14	55611340	44020
176.268	0.0	SequenceID_5/RunNumber_4/StimPosition_1/StimID_0/ViolationOrNot_0/Complexity_12/ViolationInSequence_15	54101350	44067
176.332	0.0	SequenceID_5/RunNumber_4/StimPosition_2/StimID_0/ViolationOrNot_0/Complexity_12/ViolationInSequence_15	54201350	44083
176.392	0.0	SequenceID_5/RunNumber_4/StimPosition_3/StimID_1/ViolationOrNot_0/Complexity_12/ViolationInSequence_15	54311350	44098
176.456	0.0	SequenceID_5/RunNumber_4/StimPosition_4/StimID_1/ViolationOrNot_0/Complexity_12/ViolationInSequence_15	54411350	44114
176.52	0.0	SequenceID_5/RunNumber_4/StimPosition_5/StimID_0/ViolationOrNot_0/Complexity_12/ViolationInSequence_15	54501350	44130
176.58	0.0	SequenceID_5/RunNumber_4/StimPosition_6/StimID_1/ViolationOrNot_0/Complexity_12/ViolationInSequence_15	54611350	44145
176.644	0.0	SequenceID_5/RunNumber_4/StimPosition_7/StimID_0/ViolationOrNot_0/Complexity_12/ViolationInSequence_15	54701350	44161
176.708	0.0	SequenceID_5/RunNumber_4/StimPosition_8/StimID_1/ViolationOrNot_0/Complexity_12/ViolationInSequence_15	54811350	44177
176.768	0.0	SequenceID_5/RunNumber_4/StimPosition_9/StimID_0/ViolationOrNot_0/Complexity_12/ViolationInSequence_15	54901350	44192
176.832	0.0	SequenceID_5/RunNumber_4/StimPosition_10/StimID_0/ViolationOrNot_0/Complexity_12/ViolationInSequence_15	55001350	44208
176.896	0.0	SequenceID_5/RunNumber_4/StimPosition_11/StimID_1/ViolationOrNot_0/Complexity_12/ViolationInSequence_15	55111350	44224
176.956	0.0	SequenceID_5/RunNumber_4/StimPosition_12/StimID_1/ViolationOrNot_0/Complexity_12/ViolationInSequence_15	55211350	44239
177.02	0.0	SequenceID_5/RunNumber_4/StimPosition_13/StimID_0/ViolationOrNot_0/Complexity_12/ViolationInSequence_15	55301350	44255
177.08	0.0	SequenceID_5/RunNumber_4/StimPosition_14/StimID_1/ViolationOrNot_0/Complexity_12/ViolationInSequence_15	55411350	44270
177.144	0.0	SequenceID_5/RunNumber_4/StimPosition_15/StimID_1/ViolationOrNot_1/Complexity_12/ViolationInSequence_15	55512350	44286
177.208	0.0	SequenceID_5/RunNumber_4/StimPosition_16/StimID_1/ViolationOrNot_0/Complexity_12/ViolationInSequence_15	55611350	44302
177.392	0.0	SequenceID_5/RunNumber_4/StimPosition_1/StimID_0/ViolationOrNot_0/Complexity_12/ViolationInSequence_0	54101200	44348
177.456	0.0	SequenceID_5/RunNumber_4/StimPosition_2/StimID_0/ViolationOrNot_0/Complexity_12/ViolationInSequence_0	54201200	44364
177.52	0.0	SequenceID_5/RunNumber_4/StimPosition_3/StimID_1/ViolationOrNot_0/Complexity_12/ViolationInSequence_0	54311200	44380
177.584	0.0	SequenceID_5/RunNumber_4/StimPosition_4/StimID_1/ViolationOrNot_0/Complexity_12/ViolationInSequence_0	54411200	44396
177.644	0.0	SequenceID_5/RunNumber_4/StimPosition_5/StimID_0/ViolationOrNot_0/Complexity_12/ViolationInSequence_0	54501200	44411
177.708	0.0	SequenceID_5/RunNumber_4/StimPosition_6/StimID_1/ViolationOrNot_0/Complexity_12/ViolationInSequence_0	54611200	44427
177.768	0.0	SequenceID_5/RunNumber_4/StimPosition_7/StimID_0/ViolationOrNot_0/Complexity_12/ViolationInSequence_0	54701200	44442
177.832	0.0	SequenceID_5/RunNumber_4/StimPosition_8/StimID_1/ViolationOrNot_0/Complexity_12/ViolationInSequence_0	54811200	44458
177.896	0.0	SequenceID_5/RunNumber_4/StimPosition_9/StimID_0/ViolationOrNot_0/Complexity_12/ViolationInSequence_0	54901200	44474
177.956	0.0	SequenceID_5/RunNumber_4/StimPosition_10/StimID_0/ViolationOrNot_0/Complexity_12/ViolationInSequence_0	55001200	44489
178.02	0.0	SequenceID_5/RunNumber_4/StimPosition_11/StimID_1/ViolationOrNot_0/Complexity_12/ViolationInSequence_0	55111200	44505
178.08	0.0	SequenceID_5/RunNumber_4/StimPosition_12/StimID_1/ViolationOrNot_0/Complexity_12/ViolationInSequence_0	55211200	44520
178.144	0.0	SequenceID_5/RunNumber_4/StimPosition_13/StimID_0/ViolationOrNot_0/Complexity_12/ViolationInSequence_0	55301200	44536
178.208	0.0	SequenceID_5/RunNumber_4/StimPosition_14/StimID_1/ViolationOrNot_0/Complexity_12/ViolationInSequence_0	55411200	44552
178.272	0.0	SequenceID_5/RunNumber_4/StimPosition_15/StimID_0/ViolationOrNot_0/Complexity_12/ViolationInSequence_0	55501200	44568
178.332	0.0	SequenceID_5/RunNumber_4/StimPosition_16/StimID_1/ViolationOrNot_0/Complexity_12/ViolationInSequence_0	55611200	44583
178.52	0.0	SequenceID_5/RunNumber_4/StimPosition_1/StimID_0/ViolationOrNot_0/Complexity_12/ViolationInSequence_0	54101200	44630
178.584	0.0	SequenceID_5/RunNumber_4/StimPosition_2/StimID_0/ViolationOrNot_0/Complexity_12/ViolationInSequence_0	54201200	44646
178.644	0.0	SequenceID_5/RunNumber_4/StimPosition_3/StimID_1/ViolationOrNot_0/Complexity_12/ViolationInSequence_0	54311200	44661
178.708	0.0	SequenceID_5/RunNumber_4/StimPosition_4/StimID_1/ViolationOrNot_0/Complexity_12/ViolationInSequence_0	54411200	44677
178.772	0.0	SequenceID_5/RunNumber_4/StimPosition_5/StimID_0/ViolationOrNot_0/Complexity_12/ViolationInSequence_0	54501200	44693
178.832	0.0	SequenceID_5/RunNumber_4/StimPosition_6/StimID_1/ViolationOrNot_0/Complexity_12/ViolationInSequence_0	54611200	44708
178.896	0.0	SequenceID_5/RunNumber_4/StimPosition_7/StimID_0/ViolationOrNot_0/Complexity_12/ViolationInSequence_0	54701200	44724
178.96	0.0	SequenceID_5/RunNumber_4/StimPosition_8/StimID_1/ViolationOrNot_0/Complexity_12/ViolationInSequence_0	54811200	44740
179.02	0.0	SequenceID_5/RunNumber_4/StimPosition_9/StimID_0/ViolationOrNot_0/Complexity_12/ViolationInSequence_0	54901200	44755
179.084	0.0	SequenceID_5/RunNumber_4/StimPosition_10/StimID_0/ViolationOrNot_0/Complexity_12/ViolationInSequence_0	55001200	44771
179.144	0.0	SequenceID_5/RunNumber_4/StimPosition_11/StimID_1/ViolationOrNot_0/Complexity_12/ViolationInSequence_0	55111200	44786
179.208	0.0	SequenceID_5/RunNumber_4/StimPosition_12/StimID_1/ViolationOrNot_0/Complexity_12/ViolationInSequence_0	55211200	44802
179.272	0.0	SequenceID_5/RunNumber_4/StimPosition_13/StimID_0/ViolationOrNot_0/Complexity_12/ViolationInSequence_0	55301200	44818
179.332	0.0	SequenceID_5/RunNumber_4/StimPosition_14/StimID_1/ViolationOrNot_0/Complexity_12/ViolationInSequence_0	55411200	44833
179.396	0.0	SequenceID_5/RunNumber_4/StimPosition_15/StimID_0/ViolationOrNot_0/Complexity_12/ViolationInSequence_0	55501200	44849
179.456	0.0	SequenceID_5/RunNumber_4/StimPosition_16/StimID_1/ViolationOrNot_0/Complexity_12/ViolationInSequence_0	55611200	44864
179.648	0.0	SequenceID_5/RunNumber_4/StimPosition_1/StimID_0/ViolationOrNot_0/Complexity_12/ViolationInSequence_11	54101310	44912
179.708	0.0	SequenceID_5/RunNumber_4/StimPosition_2/StimID_0/ViolationOrNot_0/Complexity_12/ViolationInSequence_11	54201310	44927
179.772	0.0	SequenceID_5/RunNumber_4/StimPosition_3/StimID_1/ViolationOrNot_0/Complexity_12/ViolationInSequence_11	54311310	44943
179.832	0.0	SequenceID_5/RunNumber_4/StimPosition_4/StimID_1/ViolationOrNot_0/Complexity_12/ViolationInSequence_11	54411310	44958
179.896	0.0	SequenceID_5/RunNumber_4/StimPosition_5/StimID_0/ViolationOrNot_0/Complexity_12/ViolationInSequence_11	54501310	44974
179.96	0.0	SequenceID_5/RunNumber_4/StimPosition_6/StimID_1/ViolationOrNot_0/Complexity_12/ViolationInSequence_11	54611310	44990
180.02	0.0	SequenceID_5/RunNumber_4/StimPosition_7/StimID_0/ViolationOrNot_0/Complexity_12/ViolationInSequence_11	54701310	45005
180.084	0.0	SequenceID_5/RunNumber_4/StimPosition_8/StimID_1/ViolationOrNot_0/Complexity_12/ViolationInSequence_11	54811310	45021
180.144	0.0	SequenceID_5/RunNumber_4/StimPosition_9/StimID_0/ViolationOrNot_0/Complexity_12/ViolationInSequence_11	54901310	45036
180.208	0.0	SequenceID_5/RunNumber_4/StimPosition_10/StimID_0/ViolationOrNot_0/Complexity_12/ViolationInSequence_11	55001310	45052
180.272	0.0	SequenceID_5/RunNumber_4/StimPosition_11/StimID_0/ViolationOrNot_1/Complexity_12/ViolationInSequence_11	55102310	45068
180.336	0.0	SequenceID_5/RunNumber_4/StimPosition_12/StimID_1/ViolationOrNot_0/Complexity_12/ViolationInSequence_11	55211310	45084
180.396	0.0	SequenceID_5/RunNumber_4/StimPosition_13/StimID_0/ViolationOrNot_0/Complexity_12/ViolationInSequence_11	55301310	45099
180.46	0.0	SequenceID_5/RunNumber_4/StimPosition_14/StimID_1/ViolationOrNot_0/Complexity_12/ViolationInSequence_11	55411310	45115
180.52	0.0	SequenceID_5/RunNumber_4/StimPosition_15/StimID_0/ViolationOrNot_0/Complexity_12/ViolationInSequence_11	55501310	45130
180.584	0.0	SequenceID_5/RunNumber_4/StimPosition_16/StimID_1/ViolationOrNot_0/Complexity_12/ViolationInSequence_11	55611310	45146
180.772	0.0	SequenceID_5/RunNumber_4/StimPosition_1/StimID_0/ViolationOrNot_0/Complexity_12/ViolationInSequence_11	54101310	45193
180.832	0.0	SequenceID_5/RunNumber_4/StimPosition_2/StimID_0/ViolationOrNot_0/Complexity_12/ViolationInSequence_11	54201310	45208
180.896	0.0	SequenceID_5/RunNumber_4/StimPosition_3/StimID_1/ViolationOrNot_0/Complexity_12/ViolationInSequence_11	54311310	45224
180.96	0.0	SequenceID_5/RunNumber_4/StimPosition_4/StimID_1/ViolationOrNot_0/Complexity_12/ViolationInSequence_11	54411310	45240
181.02	0.0	SequenceID_5/RunNumber_4/StimPosition_5/StimID_0/ViolationOrNot_0/Complexity_12/ViolationInSequence_11	54501310	45255
181.084	0.0	SequenceID_5/RunNumber_4/StimPosition_6/StimID_1/ViolationOrNot_0/Complexity_12/ViolationInSequence_11	54611310	45271
181.148	0.0	SequenceID_5/RunNumber_4/StimPosition_7/StimID_0/ViolationOrNot_0/Complexity_12/ViolationInSequence_11	54701310	45287
181.208	0.0	SequenceID_5/RunNumber_4/StimPosition_8/StimID_1/ViolationOrNot_0/Complexity_12/ViolationInSequence_11	54811310	45302
181.272	0.0	SequenceID_5/RunNumber_4/StimPosition_9/StimID_0/ViolationOrNot_0/Complexity_12/ViolationInSequence_11	54901310	45318
181.336	0.0	SequenceID_5/RunNumber_4/StimPosition_10/StimID_0/ViolationOrNot_0/Complexity_12/ViolationInSequence_11	55001310	45334
181.396	0.0	SequenceID_5/RunNumber_4/StimPosition_11/StimID_0/ViolationOrNot_1/Complexity_12/ViolationInSequence_11	55102310	45349
181.46	0.0	SequenceID_5/RunNumber_4/StimPosition_12/StimID_1/ViolationOrNot_0/Complexity_12/ViolationInSequence_11	55211310	45365
181.52	0.0	SequenceID_5/RunNumber_4/StimPosition_13/StimID_0/ViolationOrNot_0/Complexity_12/ViolationInSequence_11	55301310	45380
181.584	0.0	SequenceID_5/RunNumber_4/StimPosition_14/StimID_1/ViolationOrNot_0/Complexity_12/ViolationInSequence_11	55411310	45396
181.648	0.0	SequenceID_5/RunNumber_4/StimPosition_15/StimID_0/ViolationOrNot_0/Complexity_12/ViolationInSequence_11	55501310	45412
181.708	0.0	SequenceID_5/RunNumber_4/StimPosition_16/StimID_1/ViolationOrNot_0/Complexity_12/ViolationInSequence_11	55611310	45427
181.896	0.0	SequenceID_5/RunNumber_4/StimPosition_1/StimID_0/ViolationOrNot_0/Complexity_12/ViolationInSequence_11	54101310	45474
181.96	0.0	SequenceID_5/RunNumber_4/StimPosition_2/StimID_0/ViolationOrNot_0/Complexity_12/ViolationInSequence_11	54201310	45490
182.024	0.0	SequenceID_5/RunNumber_4/StimPosition_3/StimID_1/ViolationOrNot_0/Complexity_12/ViolationInSequence_11	54311310	45506
182.084	0.0	SequenceID_5/RunNumber_4/StimPosition_4/StimID_1/ViolationOrNot_0/Complexity_12/ViolationInSequence_11	54411310	45521
182.148	0.0	SequenceID_5/RunNumber_4/StimPosition_5/StimID_0/ViolationOrNot_0/Complexity_12/ViolationInSequence_11	54501310	45537
182.208	0.0	SequenceID_5/RunNumber_4/StimPosition_6/StimID_1/ViolationOrNot_0/Complexity_12/ViolationInSequence_11	54611310	45552
182.272	0.0	SequenceID_5/RunNumber_4/StimPosition_7/StimID_0/ViolationOrNot_0/Complexity_12/ViolationInSequence_11	54701310	45568
182.336	0.0	SequenceID_5/RunNumber_4/StimPosition_8/StimID_1/ViolationOrNot_0/Complexity_12/ViolationInSequence_11	54811310	45584
182.396	0.0	SequenceID_5/RunNumber_4/StimPosition_9/StimID_0/ViolationOrNot_0/Complexity_12/ViolationInSequence_11	54901310	45599
182.46	0.0	SequenceID_5/RunNumber_4/StimPosition_10/StimID_0/ViolationOrNot_0/Complexity_12/ViolationInSequence_11	55001310	45615
182.52	0.0	SequenceID_5/RunNumber_4/StimPosition_11/StimID_0/ViolationOrNot_1/Complexity_12/ViolationInSequence_11	55102310	45630
182.584	0.0	SequenceID_5/RunNumber_4/StimPosition_12/StimID_1/ViolationOrNot_0/Complexity_12/ViolationInSequence_11	55211310	45646
182.648	0.0	SequenceID_5/RunNumber_4/StimPosition_13/StimID_0/ViolationOrNot_0/Complexity_12/ViolationInSequence_11	55301310	45662
182.708	0.0	SequenceID_5/RunNumber_4/StimPosition_14/StimID_1/ViolationOrNot_0/Complexity_12/ViolationInSequence_11	55411310	45677
182.772	0.0	SequenceID_5/RunNumber_4/StimPosition_15/StimID_0/ViolationOrNot_0/Complexity_12/ViolationInSequence_11	55501310	45693
182.832	0.0	SequenceID_5/RunNumber_4/StimPosition_16/StimID_1/ViolationOrNot_0/Complexity_12/ViolationInSequence_11	55611310	45708
183.024	0.0	SequenceID_5/RunNumber_4/StimPosition_1/StimID_0/ViolationOrNot_0/Complexity_12/ViolationInSequence_15	54101350	45756
183.084	0.0	SequenceID_5/RunNumber_4/StimPosition_2/StimID_0/ViolationOrNot_0/Complexity_12/ViolationInSequence_15	54201350	45771
183.148	0.0	SequenceID_5/RunNumber_4/StimPosition_3/StimID_1/ViolationOrNot_0/Complexity_12/ViolationInSequence_15	54311350	45787
183.208	0.0	SequenceID_5/RunNumber_4/StimPosition_4/StimID_1/ViolationOrNot_0/Complexity_12/ViolationInSequence_15	54411350	45802
183.272	0.0	SequenceID_5/RunNumber_4/StimPosition_5/StimID_0/ViolationOrNot_0/Complexity_12/ViolationInSequence_15	54501350	45818
183.336	0.0	SequenceID_5/RunNumber_4/StimPosition_6/StimID_1/ViolationOrNot_0/Complexity_12/ViolationInSequence_15	54611350	45834
183.4	0.0	SequenceID_5/RunNumber_4/StimPosition_7/StimID_0/ViolationOrNot_0/Complexity_12/ViolationInSequence_15	54701350	45850
183.46	0.0	SequenceID_5/RunNumber_4/StimPosition_8/StimID_1/ViolationOrNot_0/Complexity_12/ViolationInSequence_15	54811350	45865
183.524	0.0	SequenceID_5/RunNumber_4/StimPosition_9/StimID_0/ViolationOrNot_0/Complexity_12/ViolationInSequence_15	54901350	45881
183.584	0.0	SequenceID_5/RunNumber_4/StimPosition_10/StimID_0/ViolationOrNot_0/Complexity_12/ViolationInSequence_15	55001350	45896
183.648	0.0	SequenceID_5/RunNumber_4/StimPosition_11/StimID_1/ViolationOrNot_0/Complexity_12/ViolationInSequence_15	55111350	45912
183.712	0.0	SequenceID_5/RunNumber_4/StimPosition_12/StimID_1/ViolationOrNot_0/Complexity_12/ViolationInSequence_15	55211350	45928
183.772	0.0	SequenceID_5/RunNumber_4/StimPosition_13/StimID_0/ViolationOrNot_0/Complexity_12/ViolationInSequence_15	55301350	45943
183.836	0.0	SequenceID_5/RunNumber_4/StimPosition_14/StimID_1/ViolationOrNot_0/Complexity_12/ViolationInSequence_15	55411350	45959
183.896	0.0	SequenceID_5/RunNumber_4/StimPosition_15/StimID_1/ViolationOrNot_1/Complexity_12/ViolationInSequence_15	55512350	45974
183.96	0.0	SequenceID_5/RunNumber_4/StimPosition_16/StimID_1/ViolationOrNot_0/Complexity_12/ViolationInSequence_15	55611350	45990
184.148	0.0	SequenceID_5/RunNumber_4/StimPosition_1/StimID_0/ViolationOrNot_0/Complexity_12/ViolationInSequence_0	54101200	46037
184.212	0.0	SequenceID_5/RunNumber_4/StimPosition_2/StimID_0/ViolationOrNot_0/Complexity_12/ViolationInSequence_0	54201200	46053
184.272	0.0	SequenceID_5/RunNumber_4/StimPosition_3/StimID_1/ViolationOrNot_0/Complexity_12/ViolationInSequence_0	54311200	46068
184.336	0.0	SequenceID_5/RunNumber_4/StimPosition_4/StimID_1/ViolationOrNot_0/Complexity_12/ViolationInSequence_0	54411200	46084
184.4	0.0	SequenceID_5/RunNumber_4/StimPosition_5/StimID_0/ViolationOrNot_0/Complexity_12/ViolationInSequence_0	54501200	46100
184.46	0.0	SequenceID_5/RunNumber_4/StimPosition_6/StimID_1/ViolationOrNot_0/Complexity_12/ViolationInSequence_0	54611200	46115
184.524	0.0	SequenceID_5/RunNumber_4/StimPosition_7/StimID_0/ViolationOrNot_0/Complexity_12/ViolationInSequence_0	54701200	46131
184.584	0.0	SequenceID_5/RunNumber_4/StimPosition_8/StimID_1/ViolationOrNot_0/Complexity_12/ViolationInSequence_0	54811200	46146
184.648	0.0	SequenceID_5/RunNumber_4/StimPosition_9/StimID_0/ViolationOrNot_0/Complexity_12/ViolationInSequence_0	54901200	46162
184.712	0.0	SequenceID_5/RunNumber_4/StimPosition_10/StimID_0/ViolationOrNot_0/Complexity_12/ViolationInSequence_0	55001200	46178
184.772	0.0	SequenceID_5/RunNumber_4/StimPosition_11/StimID_1/ViolationOrNot_0/Complexity_12/ViolationInSequence_0	55111200	46193
184.836	0.0	SequenceID_5/RunNumber_4/StimPosition_12/StimID_1/ViolationOrNot_0/Complexity_12/ViolationInSequence_0	55211200	46209
184.9	0.0	SequenceID_5/RunNumber_4/StimPosition_13/StimID_0/ViolationOrNot_0/Complexity_12/ViolationInSequence_0	55301200	46225
184.96	0.0	SequenceID_5/RunNumber_4/StimPosition_14/StimID_1/ViolationOrNot_0/Complexity_12/ViolationInSequence_0	55411200	46240
185.024	0.0	SequenceID_5/RunNumber_4/StimPosition_15/StimID_0/ViolationOrNot_0/Complexity_12/ViolationInSequence_0	55501200	46256
185.088	0.0	SequenceID_5/RunNumber_4/StimPosition_16/StimID_1/ViolationOrNot_0/Complexity_12/ViolationInSequence_0	55611200	46272
185.272	0.0	SequenceID_5/RunNumber_4/StimPosition_1/StimID_0/ViolationOrNot_0/Complexity_12/ViolationInSequence_0	54101200	46318
185.336	0.0	SequenceID_5/RunNumber_4/StimPosition_2/StimID_0/ViolationOrNot_0/Complexity_12/ViolationInSequence_0	54201200	46334
185.4	0.0	SequenceID_5/RunNumber_4/StimPosition_3/StimID_1/ViolationOrNot_0/Complexity_12/ViolationInSequence_0	54311200	46350
185.46	0.0	SequenceID_5/RunNumber_4/StimPosition_4/StimID_1/ViolationOrNot_0/Complexity_12/ViolationInSequence_0	54411200	46365
185.524	0.0	SequenceID_5/RunNumber_4/StimPosition_5/StimID_0/ViolationOrNot_0/Complexity_12/ViolationInSequence_0	54501200	46381
185.584	0.0	SequenceID_5/RunNumber_4/StimPosition_6/StimID_1/ViolationOrNot_0/Complexity_12/ViolationInSequence_0	54611200	46396
185.648	0.0	SequenceID_5/RunNumber_4/StimPosition_7/StimID_0/ViolationOrNot_0/Complexity_12/ViolationInSequence_0	54701200	46412
185.712	0.0	SequenceID_5/RunNumber_4/StimPosition_8/StimID_1/ViolationOrNot_0/Complexity_12/ViolationInSequence_0	54811200	46428
185.776	0.0	SequenceID_5/RunNumber_4/StimPosition_9/StimID_0/ViolationOrNot_0/Complexity_12/ViolationInSequence_0	54901200	46444
185.836	0.0	SequenceID_5/RunNumber_4/StimPosition_10/StimID_0/ViolationOrNot_0/Complexity_12/ViolationInSequence_0	55001200	46459
185.9	0.0	SequenceID_5/RunNumber_4/StimPosition_11/StimID_1/ViolationOrNot_0/Complexity_12/ViolationInSequence_0	55111200	46475
185.96	0.0	SequenceID_5/RunNumber_4/StimPosition_12/StimID_1/ViolationOrNot_0/Complexity_12/ViolationInSequence_0	55211200	46490
186.024	0.0	SequenceID_5/RunNumber_4/StimPosition_13/StimID_0/ViolationOrNot_0/Complexity_12/ViolationInSequence_0	55301200	46506
186.088	0.0	SequenceID_5/RunNumber_4/StimPosition_14/StimID_1/ViolationOrNot_0/Complexity_12/ViolationInSequence_0	55411200	46522
186.148	0.0	SequenceID_5/RunNumber_4/StimPosition_15/StimID_0/ViolationOrNot_0/Complexity_12/ViolationInSequence_0	55501200	46537
186.212	0.0	SequenceID_5/RunNumber_4/StimPosition_16/StimID_1/ViolationOrNot_0/Complexity_12/ViolationInSequence_0	55611200	46553
186.4	0.0	SequenceID_5/RunNumber_4/StimPosition_1/StimID_0/ViolationOrNot_0/Complexity_12/ViolationInSequence_10	54101300	46600
186.464	0.0	SequenceID_5/RunNumber_4/StimPosition_2/StimID_0/ViolationOrNot_0/Complexity_12/ViolationInSequence_10	54201300	46616
186.524	0.0	SequenceID_5/RunNumber_4/StimPosition_3/StimID_1/ViolationOrNot_0/Complexity_12/ViolationInSequence_10	54311300	46631
186.588	0.0	SequenceID_5/RunNumber_4/StimPosition_4/StimID_1/ViolationOrNot_0/Complexity_12/ViolationInSequence_10	54411300	46647
186.648	0.0	SequenceID_5/RunNumber_4/StimPosition_5/StimID_0/ViolationOrNot_0/Complexity_12/ViolationInSequence_10	54501300	46662
186.712	0.0	SequenceID_5/RunNumber_4/StimPosition_6/StimID_1/ViolationOrNot_0/Complexity_12/ViolationInSequence_10	54611300	46678
186.776	0.0	SequenceID_5/RunNumber_4/StimPosition_7/StimID_0/ViolationOrNot_0/Complexity_12/ViolationInSequence_10	54701300	46694
186.836	0.0	SequenceID_5/RunNumber_4/StimPosition_8/StimID_1/ViolationOrNot_0/Complexity_12/ViolationInSequence_10	54811300	46709
186.9	0.0	SequenceID_5/RunNumber_4/StimPosition_9/StimID_0/ViolationOrNot_0/Complexity_12/ViolationInSequence_10	54901300	46725
186.96	0.0	SequenceID_5/RunNumber_4/StimPosition_10/StimID_1/ViolationOrNot_1/Complexity_12/ViolationInSequence_10	55012300	46740
187.024	0.0	SequenceID_5/RunNumber_4/StimPosition_11/StimID_1/ViolationOrNot_0/Complexity_12/ViolationInSequence_10	55111300	46756
187.088	0.0	SequenceID_5/RunNumber_4/StimPosition_12/StimID_1/ViolationOrNot_0/Complexity_12/ViolationInSequence_10	55211300	46772
187.148	0.0	SequenceID_5/RunNumber_4/StimPosition_13/StimID_0/ViolationOrNot_0/Complexity_12/ViolationInSequence_10	55301300	46787
187.212	0.0	SequenceID_5/RunNumber_4/StimPosition_14/StimID_1/ViolationOrNot_0/Complexity_12/ViolationInSequence_10	55411300	46803
187.276	0.0	SequenceID_5/RunNumber_4/StimPosition_15/StimID_0/ViolationOrNot_0/Complexity_12/ViolationInSequence_10	55501300	46819
187.336	0.0	SequenceID_5/RunNumber_4/StimPosition_16/StimID_1/ViolationOrNot_0/Complexity_12/ViolationInSequence_10	55611300	46834
187.524	0.0	SequenceID_5/RunNumber_4/StimPosition_1/StimID_0/ViolationOrNot_0/Complexity_12/ViolationInSequence_0	54101200	46881
187.588	0.0	SequenceID_5/RunNumber_4/StimPosition_2/StimID_0/ViolationOrNot_0/Complexity_12/ViolationInSequence_0	54201200	46897
187.648	0.0	SequenceID_5/RunNumber_4/StimPosition_3/StimID_1/ViolationOrNot_0/Complexity_12/ViolationInSequence_0	54311200	46912
187.712	0.0	SequenceID_5/RunNumber_4/StimPosition_4/StimID_1/ViolationOrNot_0/Complexity_12/ViolationInSequence_0	54411200	46928
187.776	0.0	SequenceID_5/RunNumber_4/StimPosition_5/StimID_0/ViolationOrNot_0/Complexity_12/ViolationInSequence_0	54501200	46944
187.836	0.0	SequenceID_5/RunNumber_4/StimPosition_6/StimID_1/ViolationOrNot_0/Complexity_12/ViolationInSequence_0	54611200	46959
187.9	0.0	SequenceID_5/RunNumber_4/StimPosition_7/StimID_0/ViolationOrNot_0/Complexity_12/ViolationInSequence_0	54701200	46975
187.96	0.0	SequenceID_5/RunNumber_4/StimPosition_8/StimID_1/ViolationOrNot_0/Complexity_12/ViolationInSequence_0	54811200	46990
188.024	0.0	SequenceID_5/RunNumber_4/StimPosition_9/StimID_0/ViolationOrNot_0/Complexity_12/ViolationInSequence_0	54901200	47006
188.088	0.0	SequenceID_5/RunNumber_4/StimPosition_10/StimID_0/ViolationOrNot_0/Complexity_12/ViolationInSequence_0	55001200	47022
188.152	0.0	SequenceID_5/RunNumber_4/StimPosition_11/StimID_1/ViolationOrNot_0/Complexity_12/ViolationInSequence_0	55111200	47038
188.212	0.0	SequenceID_5/RunNumber_4/StimPosition_12/StimID_1/ViolationOrNot_0/Complexity_12/ViolationInSequence_0	55211200	47053
188.276	0.0	SequenceID_5/RunNumber_4/StimPosition_13/StimID_0/ViolationOrNot_0/Complexity_12/ViolationInSequence_0	55301200	47069
188.336	0.0	SequenceID_5/RunNumber_4/StimPosition_14/StimID_1/ViolationOrNot_0/Complexity_12/ViolationInSequence_0	55411200	47084
188.4	0.0	SequenceID_5/RunNumber_4/StimPosition_15/StimID_0/ViolationOrNot_0/Complexity_12/ViolationInSequence_0	55501200	47100
188.464	0.0	SequenceID_5/RunNumber_4/StimPosition_16/StimID_1/ViolationOrNot_0/Complexity_12/ViolationInSequence_0	55611200	47116
188.648	0.0	SequenceID_5/RunNumber_4/StimPosition_1/StimID_0/ViolationOrNot_0/Complexity_12/ViolationInSequence_14	54101340	47162
188.712	0.0	SequenceID_5/RunNumber_4/StimPosition_2/StimID_0/ViolationOrNot_0/Complexity_12/ViolationInSequence_14	54201340	47178
188.776	0.0	SequenceID_5/RunNumber_4/StimPosition_3/StimID_1/ViolationOrNot_0/Complexity_12/ViolationInSequence_14	54311340	47194
188.84	0.0	SequenceID_5/RunNumber_4/StimPosition_4/StimID_1/ViolationOrNot_0/Complexity_12/ViolationInSequence_14	54411340	47210
188.9	0.0	SequenceID_5/RunNumber_4/StimPosition_5/StimID_0/ViolationOrNot_0/Complexity_12/ViolationInSequence_14	54501340	47225
188.964	0.0	SequenceID_5/RunNumber_4/StimPosition_6/StimID_1/ViolationOrNot_0/Complexity_12/ViolationInSequence_14	54611340	47241
189.024	0.0	SequenceID_5/RunNumber_4/StimPosition_7/StimID_0/ViolationOrNot_0/Complexity_12/ViolationInSequence_14	54701340	47256
189.088	0.0	SequenceID_5/RunNumber_4/StimPosition_8/StimID_1/ViolationOrNot_0/Complexity_12/ViolationInSequence_14	54811340	47272
189.152	0.0	SequenceID_5/RunNumber_4/StimPosition_9/StimID_0/ViolationOrNot_0/Complexity_12/ViolationInSequence_14	54901340	47288
189.212	0.0	SequenceID_5/RunNumber_4/StimPosition_10/StimID_0/ViolationOrNot_0/Complexity_12/ViolationInSequence_14	55001340	47303
189.276	0.0	SequenceID_5/RunNumber_4/StimPosition_11/StimID_1/ViolationOrNot_0/Complexity_12/ViolationInSequence_14	55111340	47319
189.336	0.0	SequenceID_5/RunNumber_4/StimPosition_12/StimID_1/ViolationOrNot_0/Complexity_12/ViolationInSequence_14	55211340	47334
189.4	0.0	SequenceID_5/RunNumber_4/StimPosition_13/StimID_0/ViolationOrNot_0/Complexity_12/ViolationInSequence_14	55301340	47350
189.464	0.0	SequenceID_5/RunNumber_4/StimPosition_14/StimID_0/ViolationOrNot_1/Complexity_12/ViolationInSequence_14	55402340	47366
189.524	0.0	SequenceID_5/RunNumber_4/StimPosition_15/StimID_0/ViolationOrNot_0/Complexity_12/ViolationInSequence_14	55501340	47381
189.588	0.0	SequenceID_5/RunNumber_4/StimPosition_16/StimID_1/ViolationOrNot_0/Complexity_12/ViolationInSequence_14	55611340	47397
189.776	0.0	SequenceID_5/RunNumber_4/StimPosition_1/StimID_0/ViolationOrNot_0/Complexity_12/ViolationInSequence_10	54101300	47444
189.84	0.0	SequenceID_5/RunNumber_4/StimPosition_2/StimID_0/ViolationOrNot_0/Complexity_12/ViolationInSequence_10	54201300	47460
189.9	0.0	SequenceID_5/RunNumber_4/StimPosition_3/StimID_1/ViolationOrNot_0/Complexity_12/ViolationInSequence_10	54311300	47475
189.964	0.0	SequenceID_5/RunNumber_4/StimPosition_4/StimID_1/ViolationOrNot_0/Complexity_12/ViolationInSequence_10	54411300	47491
190.024	0.0	SequenceID_5/RunNumber_4/StimPosition_5/StimID_0/ViolationOrNot_0/Complexity_12/ViolationInSequence_10	54501300	47506
190.088	0.0	SequenceID_5/RunNumber_4/StimPosition_6/StimID_1/ViolationOrNot_0/Complexity_12/ViolationInSequence_10	54611300	47522
190.152	0.0	SequenceID_5/RunNumber_4/StimPosition_7/StimID_0/ViolationOrNot_0/Complexity_12/ViolationInSequence_10	54701300	47538
190.212	0.0	SequenceID_5/RunNumber_4/StimPosition_8/StimID_1/ViolationOrNot_0/Complexity_12/ViolationInSequence_10	54811300	47553
190.276	0.0	SequenceID_5/RunNumber_4/StimPosition_9/StimID_0/ViolationOrNot_0/Complexity_12/ViolationInSequence_10	54901300	47569
190.336	0.0	SequenceID_5/RunNumber_4/StimPosition_10/StimID_1/ViolationOrNot_1/Complexity_12/ViolationInSequence_10	55012300	47584
190.4	0.0	SequenceID_5/RunNumber_4/StimPosition_11/StimID_1/ViolationOrNot_0/Complexity_12/ViolationInSequence_10	55111300	47600
190.464	0.0	SequenceID_5/RunNumber_4/StimPosition_12/StimID_1/ViolationOrNot_0/Complexity_12/ViolationInSequence_10	55211300	47616
190.528	0.0	SequenceID_5/RunNumber_4/StimPosition_13/StimID_0/ViolationOrNot_0/Complexity_12/ViolationInSequence_10	55301300	47632
190.588	0.0	SequenceID_5/RunNumber_4/StimPosition_14/StimID_1/ViolationOrNot_0/Complexity_12/ViolationInSequence_10	55411300	47647
190.652	0.0	SequenceID_5/RunNumber_4/StimPosition_15/StimID_0/ViolationOrNot_0/Complexity_12/ViolationInSequence_10	55501300	47663
190.712	0.0	SequenceID_5/RunNumber_4/StimPosition_16/StimID_1/ViolationOrNot_0/Complexity_12/ViolationInSequence_10	55611300	47678
190.9	0.0	SequenceID_5/RunNumber_4/StimPosition_1/StimID_0/ViolationOrNot_0/Complexity_12/ViolationInSequence_15	54101350	47725
190.964	0.0	SequenceID_5/RunNumber_4/StimPosition_2/StimID_0/ViolationOrNot_0/Complexity_12/ViolationInSequence_15	54201350	47741
191.024	0.0	SequenceID_5/RunNumber_4/StimPosition_3/StimID_1/ViolationOrNot_0/Complexity_12/ViolationInSequence_15	54311350	47756
191.088	0.0	SequenceID_5/RunNumber_4/StimPosition_4/StimID_1/ViolationOrNot_0/Complexity_12/ViolationInSequence_15	54411350	47772
191.152	0.0	SequenceID_5/RunNumber_4/StimPosition_5/StimID_0/ViolationOrNot_0/Complexity_12/ViolationInSequence_15	54501350	47788
191.216	0.0	SequenceID_5/RunNumber_4/StimPosition_6/StimID_1/ViolationOrNot_0/Complexity_12/ViolationInSequence_15	54611350	47804
191.276	0.0	SequenceID_5/RunNumber_4/StimPosition_7/StimID_0/ViolationOrNot_0/Complexity_12/ViolationInSequence_15	54701350	47819
191.34	0.0	SequenceID_5/RunNumber_4/StimPosition_8/StimID_1/ViolationOrNot_0/Complexity_12/ViolationInSequence_15	54811350	47835
191.4	0.0	SequenceID_5/RunNumber_4/StimPosition_9/StimID_0/ViolationOrNot_0/Complexity_12/ViolationInSequence_15	54901350	47850
191.464	0.0	SequenceID_5/RunNumber_4/StimPosition_10/StimID_0/ViolationOrNot_0/Complexity_12/ViolationInSequence_15	55001350	47866
191.528	0.0	SequenceID_5/RunNumber_4/StimPosition_11/StimID_1/ViolationOrNot_0/Complexity_12/ViolationInSequence_15	55111350	47882
191.588	0.0	SequenceID_5/RunNumber_4/StimPosition_12/StimID_1/ViolationOrNot_0/Complexity_12/ViolationInSequence_15	55211350	47897
191.652	0.0	SequenceID_5/RunNumber_4/StimPosition_13/StimID_0/ViolationOrNot_0/Complexity_12/ViolationInSequence_15	55301350	47913
191.712	0.0	SequenceID_5/RunNumber_4/StimPosition_14/StimID_1/ViolationOrNot_0/Complexity_12/ViolationInSequence_15	55411350	47928
191.776	0.0	SequenceID_5/RunNumber_4/StimPosition_15/StimID_1/ViolationOrNot_1/Complexity_12/ViolationInSequence_15	55512350	47944
191.84	0.0	SequenceID_5/RunNumber_4/StimPosition_16/StimID_1/ViolationOrNot_0/Complexity_12/ViolationInSequence_15	55611350	47960
192.028	0.0	SequenceID_5/RunNumber_4/StimPosition_1/StimID_0/ViolationOrNot_0/Complexity_12/ViolationInSequence_14	54101340	48007
192.088	0.0	SequenceID_5/RunNumber_4/StimPosition_2/StimID_0/ViolationOrNot_0/Complexity_12/ViolationInSequence_14	54201340	48022
192.152	0.0	SequenceID_5/RunNumber_4/StimPosition_3/StimID_1/ViolationOrNot_0/Complexity_12/ViolationInSequence_14	54311340	48038
192.216	0.0	SequenceID_5/RunNumber_4/StimPosition_4/StimID_1/ViolationOrNot_0/Complexity_12/ViolationInSequence_14	54411340	48054
192.276	0.0	SequenceID_5/RunNumber_4/StimPosition_5/StimID_0/ViolationOrNot_0/Complexity_12/ViolationInSequence_14	54501340	48069
192.34	0.0	SequenceID_5/RunNumber_4/StimPosition_6/StimID_1/ViolationOrNot_0/Complexity_12/ViolationInSequence_14	54611340	48085
192.4	0.0	SequenceID_5/RunNumber_4/StimPosition_7/StimID_0/ViolationOrNot_0/Complexity_12/ViolationInSequence_14	54701340	48100
192.464	0.0	SequenceID_5/RunNumber_4/StimPosition_8/StimID_1/ViolationOrNot_0/Complexity_12/ViolationInSequence_14	54811340	48116
192.528	0.0	SequenceID_5/RunNumber_4/StimPosition_9/StimID_0/ViolationOrNot_0/Complexity_12/ViolationInSequence_14	54901340	48132
192.592	0.0	SequenceID_5/RunNumber_4/StimPosition_10/StimID_0/ViolationOrNot_0/Complexity_12/ViolationInSequence_14	55001340	48148
192.652	0.0	SequenceID_5/RunNumber_4/StimPosition_11/StimID_1/ViolationOrNot_0/Complexity_12/ViolationInSequence_14	55111340	48163
192.716	0.0	SequenceID_5/RunNumber_4/StimPosition_12/StimID_1/ViolationOrNot_0/Complexity_12/ViolationInSequence_14	55211340	48179
192.776	0.0	SequenceID_5/RunNumber_4/StimPosition_13/StimID_0/ViolationOrNot_0/Complexity_12/ViolationInSequence_14	55301340	48194
192.84	0.0	SequenceID_5/RunNumber_4/StimPosition_14/StimID_0/ViolationOrNot_1/Complexity_12/ViolationInSequence_14	55402340	48210
192.904	0.0	SequenceID_5/RunNumber_4/StimPosition_15/StimID_0/ViolationOrNot_0/Complexity_12/ViolationInSequence_14	55501340	48226
192.964	0.0	SequenceID_5/RunNumber_4/StimPosition_16/StimID_1/ViolationOrNot_0/Complexity_12/ViolationInSequence_14	55611340	48241
193.152	0.0	SequenceID_5/RunNumber_4/StimPosition_1/StimID_0/ViolationOrNot_0/Complexity_12/ViolationInSequence_0	54101200	48288
193.216	0.0	SequenceID_5/RunNumber_4/StimPosition_2/StimID_0/ViolationOrNot_0/Complexity_12/ViolationInSequence_0	54201200	48304
193.28	0.0	SequenceID_5/RunNumber_4/StimPosition_3/StimID_1/ViolationOrNot_0/Complexity_12/ViolationInSequence_0	54311200	48320
193.34	0.0	SequenceID_5/RunNumber_4/StimPosition_4/StimID_1/ViolationOrNot_0/Complexity_12/ViolationInSequence_0	54411200	48335
193.404	0.0	SequenceID_5/RunNumber_4/StimPosition_5/StimID_0/ViolationOrNot_0/Complexity_12/ViolationInSequence_0	54501200	48351
193.464	0.0	SequenceID_5/RunNumber_4/StimPosition_6/StimID_1/ViolationOrNot_0/Complexity_12/ViolationInSequence_0	54611200	48366
193.528	0.0	SequenceID_5/RunNumber_4/StimPosition_7/StimID_0/ViolationOrNot_0/Complexity_12/ViolationInSequence_0	54701200	48382
193.592	0.0	SequenceID_5/RunNumber_4/StimPosition_8/StimID_1/ViolationOrNot_0/Complexity_12/ViolationInSequence_0	54811200	48398
193.652	0.0	SequenceID_5/RunNumber_4/StimPosition_9/StimID_0/ViolationOrNot_0/Complexity_12/ViolationInSequence_0	54901200	48413
193.716	0.0	SequenceID_5/RunNumber_4/StimPosition_10/StimID_0/ViolationOrNot_0/Complexity_12/ViolationInSequence_0	55001200	48429
193.776	0.0	SequenceID_5/RunNumber_4/StimPosition_11/StimID_1/ViolationOrNot_0/Complexity_12/ViolationInSequence_0	55111200	48444
193.84	0.0	SequenceID_5/RunNumber_4/StimPosition_12/StimID_1/ViolationOrNot_0/Complexity_12/ViolationInSequence_0	55211200	48460
193.904	0.0	SequenceID_5/RunNumber_4/StimPosition_13/StimID_0/ViolationOrNot_0/Complexity_12/ViolationInSequence_0	55301200	48476
193.968	0.0	SequenceID_5/RunNumber_4/StimPosition_14/StimID_1/ViolationOrNot_0/Complexity_12/ViolationInSequence_0	55411200	48492
194.028	0.0	SequenceID_5/RunNumber_4/StimPosition_15/StimID_0/ViolationOrNot_0/Complexity_12/ViolationInSequence_0	55501200	48507
194.092	0.0	SequenceID_5/RunNumber_4/StimPosition_16/StimID_1/ViolationOrNot_0/Complexity_12/ViolationInSequence_0	55611200	48523
194.28	0.0	SequenceID_5/RunNumber_4/StimPosition_1/StimID_0/ViolationOrNot_0/Complexity_12/ViolationInSequence_15	54101350	48570
194.34	0.0	SequenceID_5/RunNumber_4/StimPosition_2/StimID_0/ViolationOrNot_0/Complexity_12/ViolationInSequence_15	54201350	48585
194.404	0.0	SequenceID_5/RunNumber_4/StimPosition_3/StimID_1/ViolationOrNot_0/Complexity_12/ViolationInSequence_15	54311350	48601
194.464	0.0	SequenceID_5/RunNumber_4/StimPosition_4/StimID_1/ViolationOrNot_0/Complexity_12/ViolationInSequence_15	54411350	48616
194.528	0.0	SequenceID_5/RunNumber_4/StimPosition_5/StimID_0/ViolationOrNot_0/Complexity_12/ViolationInSequence_15	54501350	48632
194.592	0.0	SequenceID_5/RunNumber_4/StimPosition_6/StimID_1/ViolationOrNot_0/Complexity_12/ViolationInSequence_15	54611350	48648
194.656	0.0	SequenceID_5/RunNumber_4/StimPosition_7/StimID_0/ViolationOrNot_0/Complexity_12/ViolationInSequence_15	54701350	48664
194.716	0.0	SequenceID_5/RunNumber_4/StimPosition_8/StimID_1/ViolationOrNot_0/Complexity_12/ViolationInSequence_15	54811350	48679
194.78	0.0	SequenceID_5/RunNumber_4/StimPosition_9/StimID_0/ViolationOrNot_0/Complexity_12/ViolationInSequence_15	54901350	48695
194.84	0.0	SequenceID_5/RunNumber_4/StimPosition_10/StimID_0/ViolationOrNot_0/Complexity_12/ViolationInSequence_15	55001350	48710
194.904	0.0	SequenceID_5/RunNumber_4/StimPosition_11/StimID_1/ViolationOrNot_0/Complexity_12/ViolationInSequence_15	55111350	48726
194.968	0.0	SequenceID_5/RunNumber_4/StimPosition_12/StimID_1/ViolationOrNot_0/Complexity_12/ViolationInSequence_15	55211350	48742
195.028	0.0	SequenceID_5/RunNumber_4/StimPosition_13/StimID_0/ViolationOrNot_0/Complexity_12/ViolationInSequence_15	55301350	48757
195.092	0.0	SequenceID_5/RunNumber_4/StimPosition_14/StimID_1/ViolationOrNot_0/Complexity_12/ViolationInSequence_15	55411350	48773
195.152	0.0	SequenceID_5/RunNumber_4/StimPosition_15/StimID_1/ViolationOrNot_1/Complexity_12/ViolationInSequence_15	55512350	48788
195.216	0.0	SequenceID_5/RunNumber_4/StimPosition_16/StimID_1/ViolationOrNot_0/Complexity_12/ViolationInSequence_15	55611350	48804
195.404	0.0	SequenceID_5/RunNumber_4/StimPosition_1/StimID_0/ViolationOrNot_0/Complexity_12/ViolationInSequence_0	54101200	48851
195.468	0.0	SequenceID_5/RunNumber_4/StimPosition_2/StimID_0/ViolationOrNot_0/Complexity_12/ViolationInSequence_0	54201200	48867
195.528	0.0	SequenceID_5/RunNumber_4/StimPosition_3/StimID_1/ViolationOrNot_0/Complexity_12/ViolationInSequence_0	54311200	48882
195.592	0.0	SequenceID_5/RunNumber_4/StimPosition_4/StimID_1/ViolationOrNot_0/Complexity_12/ViolationInSequence_0	54411200	48898
195.656	0.0	SequenceID_5/RunNumber_4/StimPosition_5/StimID_0/ViolationOrNot_0/Complexity_12/ViolationInSequence_0	54501200	48914
195.72	0.0	SequenceID_5/RunNumber_4/StimPosition_6/StimID_1/ViolationOrNot_0/Complexity_12/ViolationInSequence_0	54611200	48930
195.78	0.0	SequenceID_5/RunNumber_4/StimPosition_7/StimID_0/ViolationOrNot_0/Complexity_12/ViolationInSequence_0	54701200	48945
195.844	0.0	SequenceID_5/RunNumber_4/StimPosition_8/StimID_1/ViolationOrNot_0/Complexity_12/ViolationInSequence_0	54811200	48961
195.904	0.0	SequenceID_5/RunNumber_4/StimPosition_9/StimID_0/ViolationOrNot_0/Complexity_12/ViolationInSequence_0	54901200	48976
195.968	0.0	SequenceID_5/RunNumber_4/StimPosition_10/StimID_0/ViolationOrNot_0/Complexity_12/ViolationInSequence_0	55001200	48992
196.032	0.0	SequenceID_5/RunNumber_4/StimPosition_11/StimID_1/ViolationOrNot_0/Complexity_12/ViolationInSequence_0	55111200	49008
196.092	0.0	SequenceID_5/RunNumber_4/StimPosition_12/StimID_1/ViolationOrNot_0/Complexity_12/ViolationInSequence_0	55211200	49023
196.156	0.0	SequenceID_5/RunNumber_4/StimPosition_13/StimID_0/ViolationOrNot_0/Complexity_12/ViolationInSequence_0	55301200	49039
196.216	0.0	SequenceID_5/RunNumber_4/StimPosition_14/StimID_1/ViolationOrNot_0/Complexity_12/ViolationInSequence_0	55411200	49054
196.28	0.0	SequenceID_5/RunNumber_4/StimPosition_15/StimID_0/ViolationOrNot_0/Complexity_12/ViolationInSequence_0	55501200	49070
196.344	0.0	SequenceID_5/RunNumber_4/StimPosition_16/StimID_1/ViolationOrNot_0/Complexity_12/ViolationInSequence_0	55611200	49086
196.532	0.0	SequenceID_5/RunNumber_4/StimPosition_1/StimID_0/ViolationOrNot_0/Complexity_12/ViolationInSequence_14	54101340	49133
196.592	0.0	SequenceID_5/RunNumber_4/StimPosition_2/StimID_0/ViolationOrNot_0/Complexity_12/ViolationInSequence_14	54201340	49148
196.656	0.0	SequenceID_5/RunNumber_4/StimPosition_3/StimID_1/ViolationOrNot_0/Complexity_12/ViolationInSequence_14	54311340	49164
196.72	0.0	SequenceID_5/RunNumber_4/StimPosition_4/StimID_1/ViolationOrNot_0/Complexity_12/ViolationInSequence_14	54411340	49180
196.78	0.0	SequenceID_5/RunNumber_4/StimPosition_5/StimID_0/ViolationOrNot_0/Complexity_12/ViolationInSequence_14	54501340	49195
196.844	0.0	SequenceID_5/RunNumber_4/StimPosition_6/StimID_1/ViolationOrNot_0/Complexity_12/ViolationInSequence_14	54611340	49211
196.904	0.0	SequenceID_5/RunNumber_4/StimPosition_7/StimID_0/ViolationOrNot_0/Complexity_12/ViolationInSequence_14	54701340	49226
196.968	0.0	SequenceID_5/RunNumber_4/StimPosition_8/StimID_1/ViolationOrNot_0/Complexity_12/ViolationInSequence_14	54811340	49242
197.032	0.0	SequenceID_5/RunNumber_4/StimPosition_9/StimID_0/ViolationOrNot_0/Complexity_12/ViolationInSequence_14	54901340	49258
197.096	0.0	SequenceID_5/RunNumber_4/StimPosition_10/StimID_0/ViolationOrNot_0/Complexity_12/ViolationInSequence_14	55001340	49274
197.156	0.0	SequenceID_5/RunNumber_4/StimPosition_11/StimID_1/ViolationOrNot_0/Complexity_12/ViolationInSequence_14	55111340	49289
197.22	0.0	SequenceID_5/RunNumber_4/StimPosition_12/StimID_1/ViolationOrNot_0/Complexity_12/ViolationInSequence_14	55211340	49305
197.28	0.0	SequenceID_5/RunNumber_4/StimPosition_13/StimID_0/ViolationOrNot_0/Complexity_12/ViolationInSequence_14	55301340	49320
197.344	0.0	SequenceID_5/RunNumber_4/StimPosition_14/StimID_0/ViolationOrNot_1/Complexity_12/ViolationInSequence_14	55402340	49336
197.408	0.0	SequenceID_5/RunNumber_4/StimPosition_15/StimID_0/ViolationOrNot_0/Complexity_12/ViolationInSequence_14	55501340	49352
197.468	0.0	SequenceID_5/RunNumber_4/StimPosition_16/StimID_1/ViolationOrNot_0/Complexity_12/ViolationInSequence_14	55611340	49367
197.656	0.0	SequenceID_5/RunNumber_4/StimPosition_1/StimID_0/ViolationOrNot_0/Complexity_12/ViolationInSequence_10	54101300	49414
197.72	0.0	SequenceID_5/RunNumber_4/StimPosition_2/StimID_0/ViolationOrNot_0/Complexity_12/ViolationInSequence_10	54201300	49430
197.78	0.0	SequenceID_5/RunNumber_4/StimPosition_3/StimID_1/ViolationOrNot_0/Complexity_12/ViolationInSequence_10	54311300	49445
197.844	0.0	SequenceID_5/RunNumber_4/StimPosition_4/StimID_1/ViolationOrNot_0/Complexity_12/ViolationInSequence_10	54411300	49461
197.904	0.0	SequenceID_5/RunNumber_4/StimPosition_5/StimID_0/ViolationOrNot_0/Complexity_12/ViolationInSequence_10	54501300	49476
197.968	0.0	SequenceID_5/RunNumber_4/StimPosition_6/StimID_1/ViolationOrNot_0/Complexity_12/ViolationInSequence_10	54611300	49492
198.032	0.0	SequenceID_5/RunNumber_4/StimPosition_7/StimID_0/ViolationOrNot_0/Complexity_12/ViolationInSequence_10	54701300	49508
198.096	0.0	SequenceID_5/RunNumber_4/StimPosition_8/StimID_1/ViolationOrNot_0/Complexity_12/ViolationInSequence_10	54811300	49524
198.156	0.0	SequenceID_5/RunNumber_4/StimPosition_9/StimID_0/ViolationOrNot_0/Complexity_12/ViolationInSequence_10	54901300	49539
198.22	0.0	SequenceID_5/RunNumber_4/StimPosition_10/StimID_1/ViolationOrNot_1/Complexity_12/ViolationInSequence_10	55012300	49555
198.28	0.0	SequenceID_5/RunNumber_4/StimPosition_11/StimID_1/ViolationOrNot_0/Complexity_12/ViolationInSequence_10	55111300	49570
198.344	0.0	SequenceID_5/RunNumber_4/StimPosition_12/StimID_1/ViolationOrNot_0/Complexity_12/ViolationInSequence_10	55211300	49586
198.408	0.0	SequenceID_5/RunNumber_4/StimPosition_13/StimID_0/ViolationOrNot_0/Complexity_12/ViolationInSequence_10	55301300	49602
198.468	0.0	SequenceID_5/RunNumber_4/StimPosition_14/StimID_1/ViolationOrNot_0/Complexity_12/ViolationInSequence_10	55411300	49617
198.532	0.0	SequenceID_5/RunNumber_4/StimPosition_15/StimID_0/ViolationOrNot_0/Complexity_12/ViolationInSequence_10	55501300	49633
198.592	0.0	SequenceID_5/RunNumber_4/StimPosition_16/StimID_1/ViolationOrNot_0/Complexity_12/ViolationInSequence_10	55611300	49648
